,Pak_National ID,Pak_Passport No.,Ind_National ID,Ind_Passport No.,Bangla_National ID,Napal_National ID,Maldive_Passport No.,Sri_National ID
0,3718186052,19680519,1161176538,81050739,5998385472,3737823629,43121051,8141045916
1,7442683974,79598571,8517031349,98231265,6605161283,4762208521,28105751,3288982152
2,1634007512,88395212,8211082296,99432405,3275023764,8471243624,58791570,8544507723
3,6207143890,66995928,3207555689,53575511,9118226257,8480435603,27800542,2991463395
4,4028475323,67299618,3074126861,30071108,6890629097,2960531946,54040631,7903206614
5,6522211793,39887792,9359701558,27872463,3210098886,5976096088,81772672,6703277673
6,7355753466,31075602,6856010463,33848594,9655662224,5422475383,78078651,4536274805
7,2809758927,21858287,3550573826,18520490,7966302600,7118166739,84736950,8623618081
8,3799447006,34322250,1785034310,73264690,8489122041,5067847374,53562658,3860327983
9,5478949906,40347501,8782189213,76454583,6863146146,6710851769,47470499,8275875736
10,2236019730,35935989,6739850841,61991396,5072369172,8299258664,58566122,9300502839
11,5282315662,44652698,7182163714,26118852,9613824452,2889407354,66089160,5832349175
12,3716078555,46669284,6340021480,52303287,3770683168,3099785690,95940936,5302954800
13,6041571479,43827888,9426716777,56857652,4508912957,5553241625,13990840,1399535300
14,3108698492,19507417,7641945637,53014082,7673810280,7131752359,78645293,4502288624
15,4333826435,47807839,8781827022,50041731,5644077656,4198071503,57261241,2965250134
16,4018692373,37601829,8689072206,61716857,7583085106,9137146599,70084505,3964202144
17,8355241822,30715818,9409364228,74326061,1737521746,2751425903,74587779,9141635402
18,3129066572,90797913,4715077203,83201678,8840442972,3626328674,15674286,7323248194
19,2928510357,87041206,6829863973,23326944,8969054138,9240858475,52448198,3420579694
20,3715239593,32769648,7555835906,76789528,1053192627,2593167184,85807254,4536797881
21,1244121002,43991414,9456867700,65591093,8440092723,3708352758,67083105,3556957237
22,3357997209,61255292,8075753599,96885402,2027021560,7632494972,49433464,1227493351
23,7655327877,45562829,6606141369,68756027,8398887982,3433255797,35424329,5823062109
24,2145567969,16221066,3348536441,78333736,2231858376,9612605761,12495094,1192668171
25,9979828364,19105084,9104449144,70950292,2338370525,6129678968,32257352,4500016631
26,4832448141,64679646,8584766149,79992114,2110665372,6912327058,38699305,4611883555
27,1877961958,88924736,7874403987,90098288,1390421667,4399098396,78373594,2349893648
28,2041373965,55692235,9976036020,15912662,7082643790,4523721285,69498493,5241074040
29,6970383731,27264253,7998444848,19811102,3057515877,8549790753,90302240,2117569704
30,5606674400,57610515,2323500496,26701278,6433379248,1605912134,12149551,3685032033
31,2792330336,86624985,2065211540,18105280,3033028279,4252638624,64743063,4610639637
32,6290750429,67146833,4372100952,64147629,7597394883,6796541930,95659898,3180660969
33,1745250860,75764501,8346648056,32865705,2942251358,9726256464,29694425,6829244785
34,4356978924,84479077,2166096607,71754430,1793489358,4875116630,66586887,5943127132
35,1262410695,21683475,9963797153,91527397,3771063536,2633166978,50044311,4069190794
36,4026069357,62168615,3094214736,72217855,5353341830,7944719168,69247024,6445504561
37,1123770471,43739763,2785364121,17125588,7570635856,1017952115,17332691,9048565661
38,8387116254,87154485,1739008073,60169262,7069520246,1556868055,43232194,1661030357
39,7555161046,81724255,4822900212,49724589,6417211776,1918275405,21908743,2724987373
40,6932331716,11230393,8991103884,73402614,6458545381,9086678059,66256558,2243707394
41,1598803169,64693779,9690375588,83796995,8525990511,8327396028,28235260,7223022320
42,6066838968,69146762,9316468930,15671480,4358888596,2358232314,45840142,2026263647
43,7080985827,13059685,9399886630,52187016,8108232576,2978022624,91298437,4149888045
44,3142478206,54949385,6899753712,43002062,7527227281,3261517695,73762141,1271014723
45,9165812367,78708902,2227561558,90084944,3084405183,6012725534,64657449,5856480418
46,6228300491,22755059,7920821056,12716502,3334119966,4260114854,59183325,7994683913
47,6983398470,76820976,4726922153,64510207,3309560283,1168791600,12690179,8966872139
48,2095408989,75259600,1108062562,11553448,2033201657,1253731150,33952609,1518716145
49,7501766169,79791183,7108287592,74850034,6499720230,8292258491,25947141,2876763133
50,7985837175,11709773,5958188212,60407639,6970430233,9055756133,36953678,2966041660
51,5960199510,58044021,5717102636,75434581,1046219872,5712828600,51202316,6406376249
52,7022234543,27290127,5486242064,40184583,6283424751,8845639441,90914256,3667996187
53,3816629643,81116748,2918553062,27981587,4522231299,3438036104,65482802,1099920050
54,9430363013,55677694,6249588543,65744900,2814623377,6994488105,83661087,1254909923
55,7045434344,60446292,9110605008,60107013,5291645445,8258717531,27936978,8737370230
56,8010447255,26565567,8617970244,69299380,9961022402,6124823058,61273113,1413754539
57,2029788298,56811145,5244401539,86240387,4291690320,9652720520,91921618,4333407166
58,9472934049,20978680,9794195273,52370388,3634858280,1338439417,34421017,1514218456
59,5336263958,36050866,5008536219,73166931,3707941691,9645530677,30566306,9929730347
60,3673709777,74705470,1671389663,11832932,3589785392,5081192065,88035717,4796843501
61,1150917555,70428581,7258650458,39377829,2132884971,1015677976,62375457,6503678865
62,6068852791,22711014,4449808259,68835525,6211548727,2718590815,72700288,3857194105
63,4623175529,16659153,7731278148,41892595,9888516743,8700986338,26988395,9633897158
64,7687548622,17940947,4707630599,83559501,1300452772,8090078057,86762633,9825116084
65,3786768179,72998671,1874571003,53196192,6959778125,3488014532,79677703,1794645106
66,6818642384,83588141,1388933551,94706185,1956329416,3712341394,36315281,6013559240
67,4813095618,47008340,1978105015,19539615,6788975993,9364891471,36802356,9700148918
68,9981106950,55858248,4826435582,39727069,2810462383,6228724062,36016252,1405761024
69,9077235617,92453345,1007227408,74545063,1049371939,2797935505,60845235,4132837750
70,4545863955,20618034,4435321210,91836886,2327542320,8240274803,39206191,5005327944
71,7908323729,88385727,2097174568,95848077,7593583192,5337220994,98186308,4298626350
72,8336235245,49603389,9776129567,60692732,5998371989,2526837169,81435563,3144996077
73,1058583304,18010409,9589825500,38330344,7312697567,8799818881,25815681,5667737597
74,4325395872,70116527,2181354940,98622664,5631670082,8409824253,96857018,1291506566
75,4352076566,29162993,4557704695,20604544,1513579161,3413048316,81993550,6298549499
76,2187470184,74733118,6081879878,60083882,6999640355,5684120373,90176931,9813932629
77,8134759237,58983972,7461800015,26050716,3012451232,5760668497,49851072,5280969331
78,3882758077,13717801,2773089006,17487323,5965801962,1662877318,89528015,8211592174
79,5903696556,77244981,8507126291,14484011,7273747540,2214576363,44173657,3270568357
80,7690246623,51655106,2307062278,19928964,3672620943,9389220973,84884840,6512589960
81,6529585306,71709598,8521397930,59082880,7027716234,6460971873,61511999,8833870173
82,3777082495,20334409,1760190099,19905951,5578381376,2961689442,97099521,3127752967
83,5990106078,66164278,4877287364,60128345,2440303390,2016466344,72486755,7705481067
84,4264214631,66751076,9433063316,30493337,8491045879,2053606265,63658173,3351621703
85,3811570015,50642443,1472503216,66355350,8228774737,8434564013,74542768,9318774211
86,6071690725,68075785,3690858003,26150393,2508583497,3118997154,56673296,3129994304
87,2991013112,64253659,5854621565,65848885,9029472716,4497234819,26696479,2493365260
88,2029367878,71664455,9580486942,51869836,9757567492,1701053117,70394449,7824266811
89,9596087574,42004522,2255270661,71377645,5637640734,6019646292,87952173,4868279942
90,3051324187,24718529,3185636872,39244449,8087737504,2690241944,37777728,8449721906
91,4986081020,21231966,8949785241,75820488,4302334729,8798349723,75135588,9122285801
92,7816562355,87591535,2225981121,48399166,3246329399,3790134923,29690633,1884132349
93,5818019248,87587666,3677730876,98843544,3031082532,1064057289,33891881,4902941106
94,4258323265,18677383,8883922389,67839881,7287270178,1881764067,58751488,3636502159
95,8031385106,64661182,1625775140,67020627,8655944711,5205471811,94415043,9613214298
96,6843982117,86083770,8037109415,61259585,3108446046,7291933069,64857962,3667425072
97,7766305148,25865900,2091526520,14442908,7990386987,1563976554,77179845,1828384589
98,9892130912,63039442,5538473761,62247236,2960598754,1311521508,35167319,4992142032
99,9908455281,37833400,4239209828,22249895,3863662877,9815457004,41017502,5669662802
