text,label
This was predicted in the Spring,
Insist on vaccinations or make them stay home. Everyone must be vaccinated for everyone to be safe.,vaccination
If employers can make a drug test mandatory as part of their hiring process then they can make a Covid vaccine mandatory also.,vaccination
"Dozens to hundreds of people crowding together and sitting still without masks and breathing on each other contribute to the spreading of COVID???

I'm shocked!  Shocked!!",masking and distancing
"If people were bleeding out their eyes and ears, or coughing and vomiting blood, like with Ebola, they’d get the vaccine.  Instead they think THEY can handle Covid, not caring about spreading to others who can’t. This selfishness is a failure of our nation.  We call ourselves a “Christian” nation but it seems these same “Christians” only think about themselves, the opposite of their leader’s teachings.",vaccination
"Require them. Period.

All the good and decent people in a work environment should not be put in harms way because the Republicans are too brainwashed to do what everyone knows needs to happen without being forced.",vaccination
Would companies be liable for litigation if a vaccinated worker gets the virus from an unvaccinated one?,vaccination
"“Don’t Tread on Me”, one of the Trump Insurrectionists’ favorite rallying cries, will be replaced by the liberty-loving warning “Don’t Vaccinate Me”!",vaccination
"""Bars and Restaurants"" is unwise lumping of two very different environments and behavioral sets associated with each.",
"I'm vaccinated, but it's ""no biggie"" to me to continue to wear the mask in public. It's not about me, but about us.",vaccination
"Two of my elderly neighbors were advised by their doctors to forgo Covid vaccinations for now.  Each has previously had a severe vaccine reaction.  Bells Palsy for one of them, anaphylaxis for the other. They are devastated and very much afraid of Covid and desperately wanted a vaccine.   
My spouse and I are vaccinated, and along with two other neighbors, we help them continue to get food and engage with the world as much as it remains safe for them to do so.
Our society cannot forever sequester those who can't get vaccinated for whatever reason.  When the rest of us are vaccinated, we need to realize that it is the unvaccinated who remain vulnerable.  They aren't a threat.   But excluding them from public spaces is on par with curbs, steps and narrow passageways that exclude the disabled. This is the problem with mandates and with businesses or government buildings requiring proof of vaccination.   We can forge a better way.",vaccination
"A mask has protected me from colds and the flu. For that reason alone, I will continue to wear one. 

Americans will spend the entirety of the pandemic arguing about masks. 
Grow up. Get vaccinated. Wear a mask. 
This is not over yet.",vaccination
"I understand the legal challenges of employers requiring a vaccine that is under Emergency Use Authorization as a condition of employment. However, many of the employed at this point work rather efficiently at home. There should be no problem for the employers to require vaccinations as a condition to return to the office. 
If a company is not willing to require this, it should offer those who are vaccinated to stay home and work from home.
The same logic should (and could) be applied for sports clubs, schools, universities, restaurants, and shops. If you don't get vaccinated, continue getting your groceries through Amazon.",vaccination
"If only those who cry ""medical privacy"" could somehow keep the virus to themselves, as well.",
"I have actually forgotten what some of my co workers look like!  There are a few new ppl that I have never seen their face at all, even though I spend several hours per week with them.  Even though we are all vaccinated. Enough already.",vaccination
"I live in Florida where less than 50% of residents have been fully vaccinated.  I continue to wear a mask when I'm around a lot of people, enter a restaurant or other business.",vaccination
"“For the country’s largest companies, mandatory vaccinations would protect service workers and lower the anxiety for returning office employees.”

It would also protect and lower the anxiety for returning customers — you know, the ones whose money pays the bills, the salaries, and the bonuses?  

And lower the anxiety of stock-holders, who may be concerned about organized or de facto boycotts of companies that won’t protect employees or customers, or about the impact of class-action lawsuits that may arise.",vaccination
Everyone needs to grow up and learn to cook for themselves. Sheesh.,
Why don’t insurance companies increase premiums for people who refuse the vaccines? Why don’t hospitals/ERs/doctors demand an extra cash payment on unvaccinated people in order to treat them if they choose not to buy health insurance?,vaccination
The CDC declined to comment?,
"Correction: “The Nation” didn’t want to eat out again! Trump and his Trumpers wanted to open everything up for the specific purpose of revamping the failing economy! Majority of Americans did not go out into the restaurants nor the pubs! Now, Trump and his Trumpers are insisting that schools re-open.....another massive disaster on its way! 

Trump failed America, Americans are dying!",lockdown
"Why is IBM working with New York State on  a digital passport linking a person's vaccination records to  an app to show business, like performance venues that may  require vaccination ,
when this has been done?

It's called the Excelsior Pass .It's connected to an app
entitled  ""NYS Wallet."" 

My  pass includes my name, date of birth, expiration  date ,  and something similar to a bar code which needs to be scanned.


What am I missing ? I had to check the date of the article to see if this was written months ago.",vaccination
"A bar is not the same thing as a restaurant, even though most of the regulations fail to make that distinction.  A restaurant may include a bar, but many do not.

At bars, people are usually sitting side by side next to each other and often talking loudly -- conditions very conducive to virus transmission.  In restaurants, people are usually sitting at tables, though the distance between tables can vary a lot.  I used to live in Manhattan, and I remember how common it was for restaurants to use banquette seating where diners in single party are seated opposite each other and adjacent to other diners.  On the other hand, restaurants in areas where real estate is not so expensive usually, but not always, place diners at separate non-adjacent tables.

Restaurants can usually accommodate rules about separation of tables, though sometimes at the cost of capacity and therefore of revenue.  But a bar that required its patrons to observe social distancing would have a very hard time operating at all.

My impression is when a restaurant also has a bar, the bar provides a disproportionate portion of its revenue.",masking and distancing
"I know many people who died from covid and I was all for masks and precautions all along, but at this point it's simply overkill. Read the fine print and science to see that the risk to vaccinated individuals from Delta is minute and speculative at best. Will we all keep wearing masks forever to avoid a tiny risk for which we don't take similar levels of precautions in any other case? Enough with the masks and the hype, unless a real and clearcut risk and danger returns.",masking and distancing
"We have not stopped masking since becoming fully vaccinated in March.  This is for the same reason as our starting masking within a week of the pandemic being recognized, it protects others.  May people have  a less than robust response  to the vaccine and remain vulnerable despite their best efforts. There is a (small) chance of the vaccinated becoming infectious with no symptoms, it would be immoral for me to take even the slightest chance with others.  Additionally we only have hard evidence on the known variants, and more will come and might be different enough to overcome the vaccine.",vaccination
"It's maddening that certain scientists and health officials make statements regarding peoples reticence towards mask wearing. The science must be solely concerned with the proper thing to do to curb the virus, no matter how the public might react. Because if there's one thing that matters it's that we must all trust in the objectivity of science and not the subjectivity of politicians, business owners, and numerous others. This is not to say that the scientists and health care officials ought to bury their heads in the sand regarding the public's reactions. On the contrary, I think it was bone headed of the CDC to say that fully vaccinated people could cease wearing a mask. That statement opened a door that is difficult to shut. The CDC should have simply stated that fully vaccinated people were well protected. Then let others, Mayors, Governors, etc, modify any rules re mask wearing.",vaccination
"There is no delicate balance between health and privacy when it comes to virus variants that are much more contagious and deadlier. Those who refuse to wear masks because of no other reason than to be obstinate are essentially playing Russian Roulette with other people’s health and lives without repercussions. When they infect others they do not face criminal charges as they should. They are not held responsible for the loss of wages or medical bills to that person’s household. They are not held responsible for anything even though their refusal to do simple things has caused death and devastation to so many other people’s lives. This is plain and simple fact, not something that is debatable. 
All countries of the world should require every person to be vaccinated in order to work in any business that puts them in contact with other employees and/or customers. If you are not vaccinated you should not be allowed to travel outside of your city, enter any government federal, state or local building, business, school, etc. 
Yes, you have a right to decide not to be vaccinated or not to wear a mask, but everyone else has a right not to become infected by you and risk permanent damage to their lungs, heart or any other internal organ or dying because of your choice. 
So, yes, EVERY business should require employees to be vaccinated. If you don’t want to be vaccinated, that’s your right, but don’t complain about losing your job. ￼",vaccination
"""“What if 10 percent of your work force refuses? Are you prepared to lay off that 10 percent?” he said he asked clients. “Or what if it’s someone high-level or in a key role, would you be prepared to impose consequences? And then they sometimes get more nervous.”""

Yes and Yes.",vaccination
"I'm not putting a mask on again unless it's required. Air travel, medical offices, etc. Since March, 2020 I have religiously followed all the rules. Wearing a mask even before CDC recommendations and isolating at home for the last 14 months. 2 weeks after having my second Pfizer shot, I slowly and cautiously reentered the world. Folks like us have sacrificed a lot of precious time with family and friends. Especially at my age, 68. 
If the antivaxxers don't get their shots, and this sounds harsh, but it's on them.",masking and distancing
"Some restaurant patrons talk up a storm with each other or on their phones for extended periods of time. While some patrons may enjoy the scene, others may wish to stay away from the resulting aerosols. Thus, restaurant owners and health authorities should consider reserving certain sections of restaurants as “quiet zones,” especially during the busy dinning hours, thus reducing the amount of aerosols restaurant patrons would otherwise unwillingly inhale.",masking and distancing
"Yes.  True points.  As you say, ""many restaurant and bar employees across the country are in their 20s and can carry the virus home and possibly seed household transmissions, which have soared....""  And yes. ""Epidemiologists roundly agree that indoor dining, especially in bars, is far more likely to spawn outbreaks than outdoor settings.""    So what do you think is about to happen as millions of teens and young adults crowd into classrooms and dorms across the nation?  It is not possible to avoid the reality of what we are doing, or what the consequences will surely be.  We've already seen it.  Yes, workers have been kept from pay and the poor suffer.  Yes, businesses are breaking down.  No, the republican leadership will never agree to subsidize the nation until a real decline in cases comes.  So yes, we are being forced to open schools for children, and colleges are forced to open as they lack funding otherwise.  But it is not a secret, and it is not avoidable--the illnesses and deaths about to be unleashed as this latest folly unfolds.  Too bad.  Too bad.",lockdown
"Mask mandates are not punishment for being bad actors. They are to keep us safe. Scientists and doctors are the messengers. The anger directed at people who are reporting the facts and managing an unpredictable and mutating virus is misdirected and consequential. We're all tired and fed-up but refusing to wear a mask just because we already did that is at our own peril. We can do this - buck up, wear a mask and take care of yourself and others.",masking and distancing
Our country’s response to this pandemic has been woeful. Zero leadership.,
Requiring employees to get vaxx’d is effective obedience testing.  The HR departments must be thrilled.,vaccination
"What about people who have already had the virus and have developed antibodies naturally?

This is just as good as having the vaccination, and many scientists think it is even better, as you have been exposed to the whole virus.

A positive antibody test should count as much as having the vaccination.",vaccination
"We are in a culture of denial. And it's not just about masks. The whole approach of ""reopening"" to ""save"" the economy was misguided at best, deceptive at worst.

The whole idea of reopening while the biological problem is not under control is a recipe for disaster. The govt should have taken steps to ensure that all small businesses and workers would have what they needed to get through the pandemic. 

Forcing businesses to reopen (and many were gung ho about it) is systematically euthanizing them. Many were barely surviving on 100% of their customer base, pre-Covid. Now they have to make it work on 70%? Or 50%? Good luck. Wall Street wants you to go Chapter 11, so hedge funds can snatch up the commercial real estate on the cheap. Just like they did with the housing market in 2010.

So it's no surprise the govt is letting everyone suffer. (Remember, this is a policy choice. Other countries didn't do this.) They're doing it to benefit the corporate elite. People have to unite: renters, landlords, small biz owners, commercial property owners. Unite and hold govt accountable. Call your reps.",lockdown
Clear as mud.  Who knew so many people wouldn’t jump at the chance to get vaccinated when this thing first dropped on us? It’s stunning and just another facet of our National Dysfunction.,vaccination
I do not and will not sit 45 hours in an office space with unvaccinated people.  My vaccine is not 100%.  Just not doing it.,vaccination
"Yes, Americans are yearning for their farro. (?!?!?!)",
"Montana implemented a very easy and efficient, federally funded, vaccine roll out, a triumph of “socialized medicine,” despite its red- state status.

Still, vaccinations are slowing. I imagine the cynical might feel more confident getting vaccinated if the companies producing the vaccines were not looking at billion dollar profits.",vaccination
"As a vaccinated person I don’t share in the glee of forcing others to get vaccinated. Instead pushing for more equitable and ethical access across the globe, making the latest scientific studies readily available, and ending the partisan blaming and shaming, seem like much more effective priorities than trying to force anything, — especially with no scientific evidence whatsoever to support that the ‘forced’ solution will work. Ultimately this forcing business starts to sound like religion and not health policy based on science.",vaccination
"Frankly, other than those that have documented  medical reasons for not getting vaccinated, my patience has past. Tie any Federal or State financial and medical benefits to getting a vaccine and the reluctant lot will line up quick enough. The time for pussyfooting around this has long past. We have three vaccines, and some inventory that is going unused. When I grew up the Federal government had the right to draft us into the military, and to stick shots in our arms at induction. And, there is surely less personal freedom now then there was then. Line them up, inoculate them and this will be a problem of our past.",vaccination
"Within 12 hours of hearing that there are too many active Covid cases for my children to go to school in person AT ALL, I see people drinking/dining inside, the gym sends a ""yippee-back to almost pre pandemic functioning, masks optional if 'working out vigorously'"". I quit the gym, won't eat out until my kids can go back to school. We get carry out, and tip very well to support local businesses. We walk, hike, bike, paddle board, swim in lakes, rivers, the sound, the ocean (the ocean with wetsuits here)-we're hardly stuck inside. We do Airbnb online experiences-cooking, virtual travel tours, etc. I'm disgusted that people don't understand that until the virus is under control we can't have our lives back, we can't have our economy back. The selfishness is astounding...and it will keep going on and on until the stupidity stops...or until we have the majority vaccinated, which will be months after there's a vaccine.  I simply don't understand how people don't get the big picture of how this works, or that our schools ever thought in the spring, given how people are behaving, that there was any hope school could start safely in person. The people hollering about their ""freedom"" (mask-less, of course) are keeping everyone, including themselves, from getting full lives and the economy back.",masking and distancing
"This is a public health issue and state/fed govt should have the  authority to mandate vacs - unless there is a disqualifying medical condition. Proving vac status seems problematic ... some see laws requiring the presentation of any type of ID as an overstep or violation of civil liberty.  Akso, I personally believe in the science and would like to chuck he mask - having completed the vac process ... If I have proof of C19 vaccination - shouldn't I be allowed to do so?",vaccination
"@Lily in NY:

Hoping your message applies to fellow teachers, administrators, staff, and volunteers.

Some major school districts in CA, including those that serve large populations of POC families, are good at requiring adults to provide proof of negative TB tests, but refuse even to ask teachers, staff, et al about vaccine status, let alone require vaccination.

These people are paid with public funds and should be required to follow public health guidance.  And since families are required by law to enroll their children in school, they are now faced with the “choice” of breaking the law or sending still-vulnerable children to spend 6-plus hours a day with adults who may not be vaccinated and who may be asymptomatically spreading ever more dangerous variants to children and coworkers and the families they go home to.  

While it appears that, statistically, and so far schools haven’t been sources of many super-spreader incidents, it doesn’t mean it never happens.  And what school employee or volunteer wants the weight of a student’s death or disability, or that of a student’s family, on their conscience?",vaccination
Outdoor dining will not be feasible come November  through March or April in most of the United States.,lockdown
"These injections are not yet vaccines. Why is everyone going along with the claims that they are. Did you all sign informed consent forms for this treatment. Are you following VAERS and some of the health advocates and medical people (mostly women) who are suffering ongoing convulsions, with migraines, and are incapacitated, and need help with dressing, and can't drive or go places alone? Doctors are too frightened to attribute the damage to the injection, which means limited or no insurance coverage, no disability, and no jobs. I believe these problems will compete with the damage of Covid. Very difficult situation but people who know their health background and have studied the literature on vaccines since AIDS in the 80s (I'm vaccinated except for this one--still concerned and watching) must have the choice. Some people are so anaphylactic that they really can't take the chance.",vaccination
"Enough! The Times is rife with reports about vaccine hesitancy among disparate groups,' and how it is making it increasing unlikely that this country will ever reach herd immunity. We have tried pop-up clinics, mobile vans, house visits, outreach of all kinds, incentives and bribes, and yet only 9% of the millions of adults who are still unvaccinated have any plans to do so. We are in a public health emergency. Not only the private sector but the government must mandate vaccination for the public health  of us all. Now that the vaccine manufacturers are applying for full authorization, there is no legal excuse not to require it, and every moral reason to. The government cannot allow the irresponsible, ignorant members of our fractured country to continue to endanger the rest of us.",vaccination
"We are in this mess because yet, again Republicans don’t like to read or be read to. Trump now refuses Intelligence briefings. 

Viruses are not a joke. Once you get one you can feel it’s effects to the day you die. It’s a thing that keeps giving. 

When ignorance rules we must demand that truth rule the day. FB, Twitter are more powerful than any government at this time. If we have laws against hate speech. Why can’t FB and Twitter just use those guide lines. We all know empirically that the world is round. Why do we permit people who don’t believe in science have such a platform. 

We must protect this great nation against stupidly because it is easily manipulated by bad people.",
"If I'm a health insurance company and I see that someone I'm covering isn't getting a vaccination, I'm upping their rates and/or dropping them entirely. Your insurance rates should reflect your willingness to take on risk. If you're a frequent skydiver, or someone who drives race cars or refuses vaccines, your rates and policy options should reflect that.",vaccination
"To think that we might have had a chance to be going about our business - working, eating out, traveling, spending time with our families and friends, taking care of our elderly parents, getting an education, etc - if only our so-called leaders had called it right back in January or even February. They could have stopped incoming flights, closed down certain industries and schools, asked us to all stay home while ""they"" got busy preparing us for the possibility of a pandemic. Instead, they did nothing. They wrung their hands over the stock market. They worried about what would happen to their political careers. And they golfed, all while this pandemic took hold in our country.  Everyone has paid the price all right, and now it's time for them to pay theirs - at the ballot box and through the courts.",lockdown
"The Times published a survey a couple of months ago where the political divide on this matter was clear: people who identify as Dems way overestimated the likelihood that a person would be hospitalized with Covid whereas those who identify as Repubs actually were closer to the mark (it pains me to say this!).  I""m convinced at least part of the argument in favor of masks here and elsewhere is political ""virtue signaling"".  In other words, people add a lot of other ""reasons"" into their risk assessment.  Example: I keep hearing how masks helped prevent colds and flus during the season but was it mask wearing during one's probably brief foray into a grocery store that prevented these common ailments or was it the fact that people were working from home, not commuting via crowded public transport (BART in the Bay Area), traveling in plans?  That reality seems more likely to me, not the masks.",masking and distancing
"We are at a point in public policy where the risk/reward tradeoffs have become more difficult. What is the obligation of vaccinated people to protect those who refuse to get vaccinated? To protect those who are immunocompromised and would have benefited from mask mandates even before COVID? What steps should we take to shield children under 12 from risk? These are issues that scientists cannot provide definitive answers to: for better or worse, this is the job of our elected representatives and their advisors. This article would help judge the relative risks better if it shared more scientific data behind the tradeoffs as they stand now. Let's see more numbers.",vaccination
"What could be done is to take a leaf from the anti-smoking campaign and apply it to the vaccination campaign. with the anti smoking campaign, there was the Marlboro campaign with the man having a laryngeal removal surgery  trying to sing the jingle with the artificial voice aid, and pictures of tar infused diseased longs removed. With the vaccination campaign, testimonies from long haulers with their persistent malaise and pictures fatally damaged lungs from victims that undergone double lung transplants, as well as patients on ventilators fighting for their lives be used. Covid-19 is not your seasonal flu!",vaccination
"I really fear for the safety of restaurant workers' family members.

Aerosal spread is real.  I think restaurants should increasingly follow Jose Andres'lead.",masking and distancing
"I am vaccinated but my body my choice. If others don’t want to be vaccinated so be it. I am not sure why vaccinated people feel the need to only be around others that are vaccinated...so they feel more comfortable..per the article? So their feelings count more than my daughter’s who is frightened of something not FDA approved. As usual, Elitists at work belittling her feelings. The vaccine works against the variants too btw. Give people time to come around!!",vaccination
"All this personal freedom, privacy, religious freedom, and such has to come to a stop. This is a public health matter, not a personal one.
My freedom not to get infected trumps your freedom to infect me.
It’s past due for the Supreme Court to reaffirm this principle.",vaccination
"This is a no brainer.  There is a reason schools require vaccinations.  Those with medical contraindications should be granted waivers.

I'm tired of personal opinion being treated with the same respect as objective reality, especially in a life or death situation.  The people who are immunocompromised cannot get a vaccine, and they are not protected until you get one.  

How many of these vulnerable folks, who cannot protect themselves, are these ill-informed people going to kill?",vaccination
"If you look at Bell Curve closely, it has a tail end that continues, its nature's law empirically derived. The problem with this disease is that the tail end of the curve represents a significant number of unvaccinated people, where the virus finds a critical number of unvaccinated people as a mutation testbed and tests its mutation versions.
New mutations will continue to evolve, and I don't think we will be getting rid of masks, social distancing for quite a foreseeable future.
Let us all hope that a deadlier version of mutation does not appear, but then science tells us it is a matter of time.",vaccination
"I never stopped wearing my mask in public (and still rarely venture out--grocery store 1-2 times per month).

People are ungodly impatient & selfish!",masking and distancing
"If people wish to invoke the ""my body my choice"" mantra, then at least have the decency to allow others the same when it comes to reproductive choices and the right to die with dignity. 

How I make reproductive or end of life decisions affects only me.  How YOU fail to undertake safeguarding yourself affects everyone that you come into contact with by potentially threatening their health/life if you are an asymptomatic spreader.",vaccination
"What's the big deal about a mask? A lot of you make it sound like wearing a mask is this massive personal sacrifice that imposes on your liberty, freedom, etc. Want to talk about real personal sacrifice for the greater good? Talk to the generation who fought in WWII. That's real sacrifice. Wearing a mask is not a sacrifice. It's easy and takes nothing away from you.",masking and distancing
"Imagine that, privacy is a delicate issue at major corporations like Facebook and Google, and they do t want to be like Big Brother. I thought safety of employees was the top concern for oil and mining companies?",
"When did the idea of quarantining HEALTHY people become part of the equation?  This has never been done before and by the looks of it, isn’t working. If you don’t want to go to a restaurant,stay home. No one will blame you for thinking this way but don’t act like I am killing someone by enjoying an evening out. If anything, it’s a risk for me but it does NOT have anything to do  with kids returning to school. We need to return to normal and live with this virus which is not going away any time soon.",lockdown
"Where I live there are plenty of folks willing to let strangers sicken and die because their imaginary sky gods will sort it all out afterwards.
Not having an imaginary sky god, despite having been vaccinated, I'll wear a mask and avoid the deluded. There are worse forms of contagion than Covid-19.",masking and distancing
"Perhaps the market can help where sanity does not.

If a business advertises that its employees are vaccinated, I will choose it over a business that doesn't. If a business advertises that its patrons must be vaccinated, I will prefer that even more.

An airline that offered some flights on which vaccinations were required, I suspect those flights would be booked the gills. Or if a bar had a vaccine night.

We have to find a way to separate ourselves from the ignorant and encourage them to get vaccinated, and extending special permissions to the majority is one way of doing that.",vaccination
Allow for opting out but it is a make it nightmare for those that wish to pursue it. I don't want to ain't enough. After all it is for the good of everybody and ignorance or stupidity should not win over rationale thought. Also if we never hit herd immunity which Donald previewed the new virus can be formed which will only complicate and make this epidemic last so much longer. And just how stupid would that be. Donald created a mess and let us get it over with for the sake of normalcy....Think about it please.,vaccination
"School districts in California require vaccines for measles and other childhood diseases, with very limited exceptions unrelated to religion.  No vaccine no public school.  Generally private industry has greater freedom to impose this type of requirement.  This should be a no-brainer.",vaccination
"I went to a Costco without a mask yesterday and felt profoundly uncomfortable. It's back to masking indoors for me. I did mask up at the checkout counter out of courtesy to the staff (even those not masked).  I have been afraid to go back to in-person classes at the gym because exercise in a mask is simply not feasible for me. So it's still virtual for me.

People are confused by the conflicting information being put out by the CDC and the WHO. I think this can be attributed to the need of the CDC to balance health with politics and business/economy considerations, whereas the WHO is about health only. I'm putting my lot in with the WHO, because I honestly don't care about what big business wants.",masking and distancing
"Of all the countless vile things the former president did to democracy, our Constitution, and the people of the US, the most recklessly insidious (Jan. 6 notwithstanding) has to be the politicization of this pandemic health crisis.

If we had been under anything resembling true and patriotic leadership, the brave and fearless people of the US would have blazed a path right through Covid-19 with judicious lockdowns and safety measures. And now, with ample supply of the vaccine, we’d already be on our way to a bright, healthy, and normal future.

But here we are in a potentially endless fight because so many misinformed people have decided that instead of being vaccinated, they’d rather run around seeing how many coronavirus variants they can add to the mix.

Unconscionable. Just inexplicable.",vaccination
"It’s simple. Wear a mask.  Let’s use the information we do know.  Masks help stop the spread of the virus.  We all want to live the way we once did before Covid.  The world has changed and we must adapt.   The sooner we stop resisting the best science advice the sooner we can be at a healthier, safer world.",masking and distancing
Just get the shot and stop using your neighbor or maniacs on social media as pseudoscience advisors.,vaccination
"It does seem, now that I’ve been fully vaccinated and not been wearing a mask, that I still tend to distance myself if just by habit. Wearing a mask again in certain instances would now be much less onerous than it was initially. And I fully expect to now wear masks at times during the flu season, on airplanes etc. For instance we’ve seen what masking and social distancing did for the flu season last winter. Also who’s had a cold lately?",masking and distancing
"No shoes, no shirt, no vax, no service.",vaccination
"It's a bottom line business decision. If employees don't want to get vaccinated and don't have a legitimate medical excuse( religious excuses need not apply, delusion and magical thinking is not legit), then they should be informed that their employer based health insurance will not cover COVID relates illnesses.",vaccination
"In east Asia, few would even discuss this topic. This is about pure selfishness of some ppl in this country. The only thing matters for them is ""my personal choice"" without ""being responsible for others"".",vaccination
If a company does not have a policy requiring vaccination there are employees who will reasonably refuse to go into such an infectious environment.,vaccination
"Bottom line: America is not going to cut this. Mandates will be struck down eventually in the name of ""freedom"". With exceptionalism and our litigious climate we will never get close to herd immunity. Covid will become endemic and will be part of the American way of life just as obesity has become as American as apple pie. We likely will be barred from many countries in Europe and Asia, where vaccines will be taken as a matter of course. Here in America we will face disruptions from Covid for years to come adding to America's decline.",vaccination
"I teach high school, and have spent the last few days studying vaccine history to share with my students.  You have to be over about 65 to remember the times when children were sick many times during childhood...and many of them died.  More had lifetime complications.  It is because so few in the population can remember those days that these anti-vaxxers can have such a cavalier attitude.

A brief list of some of the childhood diseases we no longer suffer thru: smallpox, measles, diphtheria, polio, mumps, chicken pox, pertussis...we no longer have to suffer with tetanus if we get a puncture wound.  Rabies can be ended.  Women will not suffer from genital cancers. We have developed many more vaccines for less common diseases so that no one has to suffer with them either.

This anti-vaccine hysteria is absolutely insane.",vaccination
"Drinking in bars and eating out in restaurants while not wearing masks or observing social distancing are self-fixing problems.  Soon the revelers will become infected. Many of them will die.  

Those that die should receive an award in memory of Herman Cain.  

Stupid people have a constitutional right to kill themselves by following the health advice of President Trump and Republican governors.",masking and distancing
"Like many people, I may soon be returning to in-person indoor work. What's better: knowing that all of my co-workers are vaccinated, or hoping that most of them are? I think we've all spent enough time rolling the dice on Covid.",vaccination
The mask ship has sailed.,masking and distancing
"Yesterday’s article on how the many variants develop, how quickly they develop, mutate, was….worrisome/educational/low-level, frightening. Alpha, beta, delta….this virus wont quit until it reaches Omega. And those unvaccinated, by choice, due to other illnesses, and even we who are fully vaccinated, risk allowing new variants, new mutations. 

Masks are hot, inconvenient. But I’m going with the WHO- for….a few more months. I’ve been on the fence as to mandating vaccinations. But more and more, I resent those who are able to get vaccinated and don’t (and that includes some family members). They endanger us all. Yes, these vaccines are experimental- we are the experiment subjects. But the alternative…is still much worse. And these variants, present and future, make it even more so. Keep the masks.",vaccination
"Well, we already have a fierce environment of censorship and censoriousness leading to firings and personal destruction, so why not have some actions that accomplish a positive objective for a change?",
"Personally, I am all in favor of companies enticing and or mandating their employees from the top down are vaccinated. I am also in favor of vaccine passports. I also think OHSA, should require companies to mandate their employees and management  be vaccinated. 

Covid is a major Public Health concern. It is not an infringement of civil liberties to mandate everyone be vaccinated. For instance, there are already OHSA, procedures and regulations regarding employees that test positive for Tuberculosis and other communicable diseases. I believe this will be the most effective way to prioritize the safety of all employees and the Public at large. We are all in this together like it or not.",vaccination
"I just spent 3 days in Detroit at a conference interacting with literally hundreds of people without a mask or a vaccine. I didnt get Covid. Covid fearmongering is so tiresome. Cases have drastically fallen to the lowest levels since testing was widely available. The Delta variant is more transmissible but there is not a lot of concrete data proving that its more deadly. It has this scary sounding name and gets hyped up by the media, but in reality its just Covid. Im not afraid of Covid, and no one is going to scare me with media hype. As an MIT-educated biologist, I know data. And data shows that Delta is not some new scary thing but rather just another version of the same disease we have been dealing with for 18 months. Sure, its more transmissible. But viruses generally evolve to become more transmissible and less deadly. Covid will do the same. By the time we get to the Omega variant we will have a common cold. Stop being afraid. The media is the virus.",vaccination
"In choosing to not receive a vaccine, a person chooses to put others at risk. This isn’t a game. Mandate vaccines. Back it up with heavy fines. Save lives.",vaccination
"We are all done and ready to move on from Covid but Covid is not done with us yet. We have a choice, either we play the hand we’re dealt and let common sense and compassion prevail and adapt to evolving circumstances or dig our heels in and decide to ignore the circumstances and pay the price for our actions. 

From the beginning it was thought that this would last every bit of 18 months, which takes us to September-ish. 

We’re all tired. We’re all frustrated. But we’re almost there.",lockdown
Try the carrot for a bit. But then treat vax deniers like smokers and charge them more for employer sponsored health insurance. The rest of us shouldn’t be subsidizing their politicized health decisions.,vaccination
Simple:  Don’t want to get a vaccine.  Then bring in a negative test every day—just like many sports teams did.,vaccination
"the korean government sends text messages suggesting people to be silent during meals, not sit across from each other and sit diagnally from each other, and leave the resturaunt as fast as possible.we even get text messages suggesting we eat alone, and not eat even with family members.  we never had a lockdown but this kind of stuff is enough to discourage people from eating out.you got to consistently tell people how dangerous it is to eat out.it will get people to be discouraged from eating out. keep on houndinf folks and they will eventually come around",lockdown
"I got my covid vaccine and I'm not an anti-vaxxer, but I do think it's a personal choice. What you put into your body should be your business, and not something mandated by the government. You can still be responsible - wear masks, wash your hands, and keep distance from people. In other words, you don't have to be vaccinated to stop the spread of covid. If you are at high risk, then it's probably in your best interest to get the vaccine. Every situation is different, and every person is different - so I don't think the vaccine is always the right choice for everyone.

To be honest with you, I'm a lot more upset about the fact that we have destroyed this planet, and exploited our resources to the point that this is now happening - that we need vaccines to save us. And yes, it is the responsible thing to do to get a vaccine right now, but what about when the next pandemic comes? Are we just going to keep developing vaccines and injecting things into our bodies? What about prevention? What about changing our lives so that this does not happen again.  We need to look at poverty, healthcare, systemic racism, factory farming,  malnutrition, climate change - these are the real reasons people are suffering and dying.",vaccination
"This is a brand new viral pandemic and we don’t yet know how it’s going to play out. If vaccine protection is transient or increasingly ineffective as new variants emerge, or if a substantial number of our fellows remain available to keep it propagating, then we’ll need ongoing public health measures for everyone’s protection. We can certainly try incentives first, but at some point there will have to be mandates much like there are for public school attendance. Ideally vaccines will also need formal approvals beyond EUA’s.

We should also remember that some of those vaccinated won’t be adequately protected. People who’ve had strong chemotherapy or take powerful immunosuppressives for autoimmune diseases or have one of the many congenital immune deficiencies (and there are millions) can safely get a vaccine that’s not a live virus, but can still remain extremely vulnerable to Covid. And a small percentage of healthy vaccinees can still get infected. A fully vaccinated Golden State Warrior player recently came out and described how seriously ill he’s been for the last few weeks, and I wouldn’t wish that on anyone. 

Covid 19 is no joke and I have no respect for those who choose to be uninformed and an ongoing threat to their fellows. Try the carrot and maybe we’ll get lucky enough with that. But at some point it’s likely the greater good will require sacrifices or penalties so we can all move on.",vaccination
"The CDC's recent update to their guidelines acknowledges for the first time what has been known for months, that this virus spreads via aerosols. Aerosols accumulate indoors where there is insufficient ventilation. That means offices where some are not vaccinated are unsafe workplaces, unless the airflow engineering is adequate to prevent aerosol spread. Not the case in most offices and workplaces. Any employer who wants to reopen their offices is required to have a safe workplace and the simple and effective means and the least expensive too, is to require all employees vaccinated, except the very tiny percentage who cannot be vaccinated for health reasons or whose religion prohibits vaccination.",vaccination
"We continue to frame a civic responsibility issue in terms of personal choice.  This is a mistake.  It's a personal choice to obey traffic laws, but your decision affects others rather dramatically.  Despite our cynicism, I'm still confident enough in Americans that if the messaging were changed completely to aim for civic duty or shared responsibility instead of personal choice, participation rates would rise.  Problem is we're not even trying.",
"I’m not getting vaccinated. Everyone comments about the greater good but I don’t see many people shouting about the greater good when it comes to homelessness, world hunger, etc. I have every right to decide what goes in my body. People went out and got the vaccine and ate Krispy Kreme and drank a beer. Sounds like they really value their bodies. Also, remember you can’t force vaccinations in other countries. Are you never going to travel based on the thought that no one is vaccinated? The world continued to move in the last year and it still will once everyone forcing others to get vaccinated manage their fears. If the vaccine protects YOU, awesome!",vaccination
"I work in healthcare. We are all required to get a flu vaccine. If we don't like it, fine, but we have to work elsewhere. I have no problem with this whatsoever. The argument about personal choice is overblown - choose your vaccine preferences, but we choose who works for us. The number of people with TRUE health issues is so minute, it is worth attention, but not as an argument. It can be managed. I am sick and tired of vaccine ignorance in this country. Too many people holding back are simply selfish, stubborn and ignorant and they have no true convictions about this - push them and they will comply. Also, use shaming, deny access, show proof of vaccine... make it incredibly inconvenient for the vaccine ignorant.",vaccination
"Whether or not it's employees forced to work while they're sick versus patrons with the virus is the critical piece missing here- wildly different policy responses to each. But I'd hesitate before we start pinning this on instant gratification for the young or some uniquely American brand of hedonism. Is there data on this from other countries that reopened? What portion of the cases are tied to outdoor versus indoor dining (common sense says it's a little pointless wearing a mask indoors if you're going to be taking it off for a prolonged period to eat- it's not like we magically stop breathing during the course of a meal) 

And there's also a question of the case load- if it's young people who don't need to be hospitalized and aren't dying catching it in droves from restaurants, to an extent we need to say it's their lives and they're entitled to make their own risk calculations, provided they're not going to the elderly and then spreading it to them. Like people here in Boston are freaking out about the college students coming back but my thoughts are the restaurants and other businesses that cater to them need the business and it's probably better they catch it and stay cloistered in a dorm than getting bored in the suburbs they're from and give it to elderly family members. Better they don't catch it period but there's probably more control over different risk groups in a communal setting like a dorm.",lockdown
"As the headline implies...privacy is on a spectrum...with common good at the other end.  HIPAA, guns, vaccines, voting rights, drivers licenses, taxes, religious “freedoms”...they’re all impacted...and all part of this spectrum.

Having lived in the world pre-HIPAA, I know that there are risks and benefits to be considered.  Personal privacy vs public health.  And I also think we have gone too far...sacrificing the common good for individual privacy.

And I think it is my own party...the Dems...who have taken us too far.

Time to reconsider.",vaccination
Wallensky Fauci and Gottlieb all told me not to worry so i wont.  You can for me.,
"Where I work at a local medical center as a physiotherapist a condition of employment since the Covid-19 vaccination came out is that in order to protect our patients and ancillary workers, all staff be vaccinated unless you have a medical reason not to be. And that any patient who is scheduled to undergo a surgical procedure is required to undergo testing for the virus  no more than 72 hours before the procedure. Also, early on in the process of arranging the surgical procedure the patient is asked if they'd like to have the vaccination or had already gotten one. Point being, is that as a result of this extra scrutiny and emphases on infection control within our medical center, the rate of staff infections from the virus has gone down significantly; as has the suspected hospital acquired infections of the disease within our patient population.

 So to me if we are serious as a nation in controlling this terrible pandemic, not only is greater scrutiny of our individual work environments necessary but so is the responsibility of the individual employer to assure that they are encouraging their workers and management to get the vaccination.

 And finally, among larger private and non-profit corporations, why hasn't the Biden Administration made it a condition of receiving Federal support, that corporations make it a condition of employment for their workers, management and subcontractors to have the vaccinations?",vaccination
"The problem in the US is that anti-vax and anti-mask are in the same places. The places that need masking the least are also the places that are highly vaccinated. 

At some point we just need to let nature take it's course. Areas that have low vaccination rates and are anti-mask had every chance in the world to get vaccinated.",vaccination
"In the US there is now enough vaccine that not being vaccinated is an active choice.

If you're not vaccinated you are at risk...and that is completely your choice. That's what you wanted, isn't it? 

And I've stopped masking because I feel no obligation to protect those who have chosen not to take a simple step to protect themselves.",vaccination
"The CDC prematurely rolled out guidelines saying that unvaccinated people didn't need to wear masks indoors anymore, regardless of the vaccination status of others. The WHO and LA County guidelines are much more protective and conducive to stopping the continued spread of Covid. My family and I are fully vaccinated and we are continuing to wear masks indoors unless we are with a small group that we know is also fully vaccinated. At this point, there is no clarity from the scientists about the likelihood of vaccinated people contracting long Covid from a mild or asymptomatic infection, so we don't want to take that risk. We also don't want to risk being an unwitting transmitter of the disease to others who cannot get vaccinated or who don't have a strong immune response.",vaccination
"I have not been out to a restaurant since the beginning of March. My husband and I  miss it greatly, but we live in Florida where masks are not even required when walking in our downtown area. This is an area teaming with restaurants, and people are even lined up at the ice cream shop hip-to-hip waiting to place their order. It is sad that so many people here are not taking the virus seriously. 
I also feel that our state has sent the message that we are a great alternative for people who want to get away this summer. 
Schools are also opening soon and must offer a five day school week per order of DeSantis. Alarming!",lockdown
"I've been called back to work at the hotel were I was laid-off in March and I'm scared. What sorta of people are tourists during a pandemic? Not the sort you want to be around. New York State has done a good job, but careless carefree people are still spreading, and health checks at our state border don't cover people driving in from hotspots in other states.",lockdown
"I don’t think the economics will work for restaurants and bars, in states that allow indoor dining, with restrictions.  Restaurants and bars make money when they pack people in and overturn tables frequently. 

It’s sad, but their business model just does not work in a time of pandemic.  I am sure when NJ eventually allows restaurants to open indoors, (I don’t know if we will allow indoor bars to open before a vaccine), the owners will be happy for a couple of weeks, then they will be pushing for more capacity, which they will not be rightfully given.  

Sadly, we are going to lose a big percentage of our restaurants.  I don’t think it can be helped. I just hope people get out before they throw more good money after bad.   Who knows when we will have an effective vaccine?",vaccination
The WHO also just recommended we don’t vaccinate children. Perhaps at this point we all can make our own assessments.,vaccination
"I remember a few months ago NYT ran a very self-righteous op-ed by a Georgia restaurant owner who insisted on staying open. I wish NYT would run it again. I don’t know if refreshing our memories on all the short-sightedness that got us here will make this country smarter going forward, but anything seems worth a try at this point.",lockdown
"If companies want to avoid requiring vaccinations, they should instead require mandatory, regular testing for unvaccinated workers, paid for by the workers themselves. Being required to shell out money twice-a-week during unpaid time outside of work might make them reconsider the benefits of being vaccinated. If they don't want to protect themselves and others through vaccination, they should be required to prove they are not endangering others through regular testing.",vaccination
"“Delicate balance”?

Nothing “delicate” about possible death (to self or others), long term incapacity, etc — on the other side of that equation.

Get your vaccine. Do the right thing.",vaccination
"Pfizer has just applied for full FDA approval for use of their vaccine in people 16 and above. Although approval is expected to take months, their vaccine seems a viable candidate for full approval. 
When full approval occurs, I would imagine insurance companies will respond by placing significant financial pressure on employers to implement Covid vaccine requirements...or suffer much higher rates. 
At that point, most companies will toss their employees' (selfish and imagined) 'personal freedom to not be vaccinated' right out the window. 
Neither insurance companies or private employers will be willing to take on the astonomical costs associated with unnecessary and preventable illness.",vaccination
"Polio elimination is a magnificent feat of public health.  Back in the late 50s and early 60s when we were standing in line (at local schools) for our sugar cube vaccines you just didn't hear the idiocy coming out of antivaxers today.    Today idiocy is in fact the public policy.  Hating vaccines is a litmus test for the Jan. 6 crowd.    Here's a chart of polio cases in U.S.:

<a href=""https://ourworldindata.org/grapher/reported-paralytic-polio-cases-and-deaths-in-the-united-states-since-1910?country=~USA"" target=""_blank"">https://ourworldindata.org/grapher/reported-paralytic-polio-cases-and-deaths-in-the-united-states-since-1910?country=~USA</a>",vaccination
"Here in Europe, many countries implemented drastic lock down which have huge economic but also psychological impact. As soon as the lock down were progressively lifted, cases rise again then government blame the population (especially the youth) for improper behaviour and reimplemented a semi lock down with facemask everywhere, drastic conditions and threat that this will get worse if the population does not improve their behavior that few people enjoy going out any more. Social contacts are severely restricted and freedom to assemble doesn't exist any more. Policeofficer ready to fine group of people that assemble peacefully or don't wear face masks (even outside in some places). I see Europe turning into a dictatorship. Doctors and epidemiologists say that this is the new normal and that we will have to be used to that until a hypothetical vaccine that may or may not be effective. Is that the world we want? You cannot judge the effectiveness of the measure just by counting the covid19 deaths putting every else aside.",lockdown
"No matter what, illnesses spread when people are (a) indoors and (b) in close proximity to each other and (c) share air and (d) HVAC systems don't change air effectively to prevent the spread of communicable agents that make people sick. So don't call it anything but reasonable thinking to ask for safe guards to be taken ... either vaccinate or diligently wear the mask, and then continue to consider the distance between people, decide whether or not washing hands is necessary (I think it is) and careful cleaning ... for another year, because of the variants that have not yet been completely resolved by tweaking the vaccines. Peace.",vaccination
"If the Donald got the shots, that should be sufficient impetus for the rest of his believers to get it.",vaccination
"Start requiring antibody titers on all employees . It’s easy enough to do a blood draw. You can come to work one of two ways . With adequate titers vaccinated or not. Your body , your choice on how to get those antibodies . Get started .",vaccination
"I do not understand refusal to get vaccinated.  Employers should make every effort to educate their employees, give them paid time off to go get the shots, give them an extra sick day or 2 to get over it, if needed, and then require that they are vaccinated unless they have a compelling, documented medical reason not to take the vaccine.  In 1970, when I first traveled to Europe, international travelers were required to get certain shots, and to carry a little yellow book with proof.  Nobody objected to that, and there was no world-wide deadly pandemic raging.  What's the matter with people today?  Ignorance will kill us all.",vaccination
"First, my husband and I agree that we will continue to wear masks, both when outside in crowds or shopping indoors. We are avoiding public transportation.

To add a comment to the article about New York City schools: I teach at a CUNY senior college. I have been teaching at that college, as an adjunct, for 15 years, and have 30 years teaching experience. According to the article, Bill Blasio may deny teachers medical leave if they have been vaccinated and the city deems the risk to be minimal. This would include high-risk populations, and I am at high risk.

I have told my school and department chair that I will not teach face-to-face. The department chair tells me that the university has confirmed that I need not do so, and has listed the course as taught online. However, when I check the registration interface, the course is listed as a TBA. 

I have emailed scheduling and received no response, I suspect because there is a possibility that all courses at my school will be converted to face-to-face and even high-risk teachers, if vaccinated, will be denied medical leaves. Our bluff is being called.

I will quit. Repeat - I will not be there. Other senior teachers will leave, too. Students are registering courses that may be canceled, possibly at the last minute, because their teachers have resigned. 

Is NYC waiting until August, hoping recalcitrant teachers, students and parents will change their minds? I assure the mayor, and our ineffectual union, that I am not bluffing.",masking and distancing
"As a vaccinated person, I wear a mask not only to protect myself a little bit more but also to help reinforce the idea that it's normal. So few people wear a mask in my community-- I'm concerned that those who need to won't because they don't want to stand out.

Reestablishing the norm of mask wearing willl be especially important this fall at the rural university where I work. I imagine that many students won't have had the vaccine. I anticipate that we'll have many cases of the delta variant, which will disrupt our plans to return to normal.",vaccination
"Intend to patronize only those businesses that require covid-19 prevention for all employees. Vaccination for those without accepted medical/religious excuses and masks for those who refuse vaccination. This is a public health emergency, not a time to debate ""personal privacy"" with Republicans who are busy denying women their right to privacy when making personal health decisions on pregnancy. Pregnancy, however, is not a highly contagious disease that can be spread to many others. Enough of this ""both sides"" nonsense!",vaccination
"Enough of selfishness anti-vaxers already.   I wear a mask for one reason and one reason only - to continue protecting myself.  I feel we still don't have a good understanding of the risks of the various variants and there no reason to immediately disregard masks even though vaccinated.   But, do I care what happens to those who recklessly chose not to get vaccinated, absolutely not.",vaccination
"Wonder whether the vaccine-hesitant people would have avoided the smallpox or polio vaccines, too.",vaccination
"""Big brother""? No. Companies requiring vaccinations are simply choosing to operate in their self-interest, as is their right. Employees and customers also have the right to work/shop elsewhere. In a free country, preservation of the freedoms of individuals AND companies is important!",vaccination
"How can a company that requires employees to get vaccinated be found to have invaded an employee's privacy? A worker is not entitled to hold a job in a private company, and (unless constrained by a union contract) a private company can fire an employee at will at any time for any reason, barring discrimination on the basis of race, sex, age or disability.

Companies need to stand up for their employees and customers who have been vaccinated and don't want to risk exposure to Covid-19.",vaccination
"All the readers say companies are justified in requiring the vaccine. But this vaccine hasn't even been given final FDA approval. It's still under emergency use authorization only. How much power should employers be allowed to have over us? Should we be required to take a booster? 5 boosters? 10? Should we be required to mask forever to protect everyone else from their fear? I thought we owned our bodies. My company mandated it early on. I'm still angry about it, especially since we're still wearing masks and getting tested. But they own me.",vaccination
"The more unvaccinated people mingle with vaccinated people, the faster the virus will mutate to overcome the vaccine. That's how natural selection works. You put selective pressure on an organism, and it will evolve to overcome that pressure. It's directed evolution 101. Therefore, the unvaccinated aren't just risking themselves, their families and friends. They are actively undermining the only effective weapon we have against this monster that has disrupted our lives and economy and killed over 600,000 of us. How is it responsible or acceptable for the rational people of this country to put up with this? Why does their right to be irrational, irresponsible, selfish and antisocial trump our right to live and be free? It is beyond me. I can't for the life of me understand why we are willing to put up with it.",vaccination
"I fail to see why this is a ""delicate decision"". It's a simple tradeoff: your choices about yourself may be your business but you can't endanger others. That's why children have to be vaccinated against several diseases before they can go to school. This is no different.",vaccination
"At this point in the pandemic, if folks have chosen not to be vaccinated then they shouldn't be admitted into a hospital if/when they get Covid. The rest of us who've done our part to protect fellow Americans, and are taxpayers shouldn't get stuck paying any portion of their hospital bills because there is no fixing their level of selfishness and stupidity.",vaccination
"It should NOT be left to businesses and industry to require vaccination.
It should be a federal requirement for public safety.
We have to have a driver's license and insurance to drive.
We have to pay federal taxes and sales, and property taxes (and a lot of those).
We have to pay for what ever we want (groceries, gas, cars, etc)
We have to send our children to school of some kind.  And unless those kids are home schooled, most states require those kids get a few vaccines.  
We have to wear a seat belt, follow speed limits and traffic signs (although some of us don't and people are killed).
Don't drink and drive.
We don't allow blind people to drive.  
And the list of things we have to do goes on and on.  One (or two) vaccines during a serious pandemic should be another one.  Exclusions for health reasons only.
We are a country of rules and regulations and these keep us relatively healthy.",vaccination
"Can't this be turned the other way around ? What if I get sick because my coworker is not vaccinated ? Or because my waitress isn't ? Will the company be liable for that ?

I'm all for privacy, but we already lost so much time (and so many life !) wondering about those questions. If people were responsible and able to understand that their liberty stops with the liberty of the others starts, that wouldn't even be an issue. Since it is not the case, maybe we can act first with temporary rules and in the meanwhile think about the fairest way to handle this.",vaccination
"This is a wasted opportunity for companies to step up and help society by mandating the vaccines for their employees (with exceptions for legitimate medical reasons, of course). There are already many precedents for arguably worse invasions of privacy in the corporate world, including mandatory drug testing (ie. urine tests) and intrusive personal background and credit checks during hiring.

In the short term, unvaccinated employees prolong the pandemic and endanger not just themselves but their customers and coworkers as well.

On a broader level, declining to take a free vaccine that has proved incredibly safe and effective in the midst of a deadly pandemic shows a staggering lack of good judgement. If an airline attendant, for example, won't take this common-sense precaution to protect themselves and others, how can I be sure they will make a better judgement call in the event of an in-flight emergency? 

Employees are routinely fired for exhibiting poor judgement in other ways, such as posting an offensive comment online or being caught on video doing something that reflects poorly on their employer. Vaccine denial seems like an equally valid way to filter out employees a company might not want anyway.",vaccination
"The vaccine mandate is about an individual not infecting their co-workers, families, and friends. My two Pfizer COVID shots have returned my confidence in my own safety and allowed me to intermingle with my family after a year of isolation. I am very grateful to the scientists who worked diligently and used their hard earned knowledge in a historic effort to save mankind from a horrific, very deadly disease.",vaccination
"Retired physician and Pfizer vaccinated. I will be masked while indoors a public access building far into the future. MA is about 90%vaccinated but the delta variant and my lack of trust in my fellow beings make me cautious. As in the picture, I wear a medical mask under a three layer cloth mask.",vaccination
"If the ""Lab Rats"" didn't pass the test inside a restaurant..I have no expectations to go back to the office, send my kids to school, go to a hotel. The decision to set those expectations are mine. You can be the lab rat ...after all is your choice.",lockdown
"There is zero evidence of vaccinated people spreading the virus. How many people are getting reinfected? I think they must be immune deficit, and will not respond to the virus either, I thought it was very rare.",vaccination
"Fully vaccinated American here. Many of the extremist comments on this article are baffling and shocking. Requiring proof of vaccination before treating for Covid-19? Wow. Demanding to know whether all employees have been vaccinated before you'll enter any business (or any building, for that matter)? That's ridiculous. You want strangers' personal health information? Good luck getting that. Did you know businesses hire new people all the time? Covid-19 isn't going away. Are you going to demand vaccine information all the time, forever, now? What about booster vaccinations? Are you going to demand proof of boosters for previously vaccinated strangers? The comments praising the Big Brother aspect of this are especially disturbing. I have to wonder if there are professional trolls here, egging people on to have extremist viewpoints.",vaccination
"Science and data show that the vaccinated can neither get nor spread Covid

The data also show that delta is more akin to flu than the alpha in terms of hospitalizations

I’ll go with Science.  If Mr Harmon or the LA health folks want me to go along with their non scientific approach, it’s too late

If you fear Covid, wear two masks and maybe better stay home

But leave me out of it. I’m going with the Science",vaccination
"I read the other day that vaccines may actually fuel an increase the virulence and transmittability of mutated viruses, making it even more dangerous to those who are not vaccinated.  So the proposition that when you get vaccinated to protect those who aren't or can't be vaccinated is a very false proposition.  If you rationally stop and think this through isn't this how evolution works, that viruses not previously prevalent could be unleashed by stopping the spread of another type of virus.  This is why the scientists who say vaccines can stop COVID-19 spread maybe true, but they don't go on to say more virulent viruses may take hold, need to be questioned on these assertions.  They may actually be doing more harm than good by calling for vaccinations for all.",vaccination
No. Done with it.,
"It's sad but tragically not surprising whatsoever how this serves as a staggering example of just how much Americans- of all generations- cannot go without for the greater good. And just how many of those same people lack the capacity for bigger picture thinking.

For me, it's equatable to a huge building that rents stores being engulfed in flames, ala ""The Towering Inferno"" or something- and someone says to the firefighters attempting to put it out, ""Well, you've got to let me in since I rent a store in there. I need to make money!""

Then they go in and are consumed by smoke or burnt to death. And people are surprised this happened. 

Some people never eat out for the majority of their lives because it is, above all else, a luxury more than a necessity. Go without. The facts are not adaptable.",lockdown
"This article misses an important group: customers. As a customer, I prefer to deal with and patronize businesses that have vaccinated all their employees. At the very least businesses should try reserving special times or special sections for those who are vaccinated. like they have done for the elderly and immunocompromised in supermarkets during the pandemic.


People who are have medical exemptions can wear a mask and join the vaccinated group. For example my family and I have business in another state and we are thinking of taking  Amtrak. If Amtrak had cars specially designated for the vaccinated or times that trains traveled with vaccinated passengers and vaccinated employees, we would be more likely to use their service.

I predict that businesses which are able to get all their employees vaccinated or Institute such special measures will survive, attract more customers  than those who do not.",vaccination
"Big brother is an absurd characterization. The public interest requires you to get the shot. If you won’t act in the public interest voluntarily, you muat be compelled to do so. The public interest in eradicating the pandemic takes precedence over any purported “right” not to take the vaccine.",vaccination
Why should I have to work with someone who refuses to be vaccinated for dubious reasons.,vaccination
"Why hasn't this chaos happened to such an extreme degree in our peer countries?

Leadership.

Laws.

Penalties, fines, and consequences.

Societies can't organize themselves for the greater good, especially not a society that emphasizes individualism. That's why we try to build strong institutions and elect competent leaders.

We can complain about ""those people"" all we want, but without leadership, consistency, guidance, and reliance on the experts at the highest levels, we're going to have chaos and a long, long road ahead.

Which is what we have right now. So vote. Make the change you want to see. And wear a mask.",masking and distancing
"Show me the real research that supports this. Until I see strong evidence, this is nonsense.",
"Unvaccinated worker(s) at a Kentucky nursing home recently caused an outbreak that infected several fully-vaccinated residents and a few fully-vaccinated staff. While the vaccine caused most of these infections to be asymptomatic or mild, one fully-vaccinated resident died. Perhaps employers who are skittish about being sued should consider that lawsuits may equally come from fully vaccinated employees.",vaccination
"America is heading towards a dictatorship with the Constitution and the Bill of Rights meaningless. Abraham Lincoln predicted this which applies now ""I see a very dark cloud on our horizon and that dark cloud is coming from Rome.""",
"We are told that immunized people are protected from the Delta variant. So, why the masks?  At this point, those who are not vaccinated have chosen to take all the risks associated with COVID-19, including the Delta variant. So, let them deal directly with the consequences of their own free choice.",vaccination
I need to get some plumbing work done in my house. My first requirement is that the plumber be Covid vaccinated. I don't want any unvaccinated persons coming into my home.,vaccination
Everyone in the comments is a huge baby. Just put the mask on when you go into a store or other indoor place. Is it really that big of a deal? Nobody is saying you need to stop going out to eat or any of the other precious activities you do. Get over yourselves.,masking and distancing
"""Delicate decision""?

Gee, if we had Facebook and Twitter in the 1950s, the manufacture of iron lungs would have been a booming business.",
"Keep eating and drinking in close, indoor quarters America,

But please stop complaining about kids not being able to safely go to school. Cuz guess what—blame’s partially on you.  Hope that burger was worth it.",lockdown
"Humble humane empathetiic facts, science and reality in service of a more perfect stable American union points towards private employers making a forced vaccination choice from the context and perspective of their people or their profits.",vaccination
"Move the goal post.  When the facts change, I change my mind, what do you do sir?  The new variant changes the facts.",
"It's NYC - a densely populated place, where we're surrounded by an unknown number of anti-vaxxers, hoax-believers,  and people lying about their vaccination status. Soon we'll be inundated with tourists bringing interesting variants here from different parts of the world

You can bet your last dollar that I'll wear a mask EVERY TIME I leave my home! Why would I take a chance now? I expect to be wearing a mask for *at least* another 10-12 months.",vaccination
"The CDC made a very hasty decision regarding masks. There was no reason to drop mask wearing indoors in public spaces when it is impossible to tell who is and who is not vaccinated. It has given the unvaccinated a license to stop wearing a mask and yet not get vaccinated. My experience has been that more people in my area continue wearing masks than not, but then NM was a state with an early mask mandate and it may be that people are just used to wearing a mask now. I know I have no intention of giving up my KF94 in indoor spaces anytime soon, possibly forever. Throughout the vast majority of the pandemic we’ve been on our own when it comes to protection. Masks are not burdensome and are a prudent choice. It is still not known how long vaccination protection lasts. It’s not known if the vaccinated spread the virus or not. It is not known if a vaccinated person who gets a mild or asymptomatic case can become a long hauler or not. There are just too many unknowns. I’m of the mindset that I don’t care if others want to pretend the pandemic is completely behind us. I don’t believe it is and I’m going to continue to act accordingly no matter what others choose to do.",vaccination
"If people choose to endanger themselves that is one thing; when then choose to endanger others it's a different matter. People who do not vaccinate against covid-19 provide a reservoir of the virus that can drive future infections and ensure the virus is always with us. Viral spread from this reservoir also enables viral mutations to occur, leading to new variants. These new viral variants may be more virulent and may not succumb to vaccines developed for older variants. 

In order to protect the population as a whole, steps need to be taken. If we can insist on insurance for all drivers, the wearing of wearing safety belts, fines for texting while driving, designated non-smoking areas, higher premiums for smokers or those frequently involved in accidents, then we can bring similar tools into play for covid-19. 

For example, vaccination resisters could face higher medical insurance premiums, banning from the workplace, or denial of access to stores and public places, enforced by fines. Resisters would still be free to choose to avoid vaccination, but they would not be insulated from the costs of their choice. They could not selfishly force others carry the burden of their choice.",vaccination
"Employees need to stop working in restaurants where customers are behaving badly, if their employers will do nothing to enforce rules and protect them they need to all walk off, except many have no other resources.  One thing that should be learned from the pandemic is the importance of education and becoming qualified to do more than work at a restaurant.  Shame on the customers who have no regard for other customers or the employees.  Shame on the restaurant owners for doing anything other than take out.",lockdown
"Religious folks might invoke 'religious freedom' in not being vaccinated but that harkens back to when folks believed religion more so than Science.
You can follow your religion but if it is a safety issue for other folks then you should be able to be excluded. Why is alright from someone's religion choice to put another person in danger?",vaccination
"“They could be held liable for any sort of adverse effects that might happen a year or two down the road,”

If there indeed an issue with RNA vaccines, we would all be in big trouble.  However, there is no known conceptual reason which that should be the case, so I did not even hesitate for a split-second.",vaccination
"Wear a mask in stores to show your consideration for the people who work there. Don’t make them guess who is vaccinated and who is dishonest. These employees often have children at home who are too young to be inoculated. This is especially true when you work closely with associates, such as at salons, shoe stores, and post offices.",masking and distancing
The problem with higher insurance premiums as an incentive for the unvaccinated to act responsibly is that a lot of these people are likely fine going uninsured because they “never get sick” and bad things only happen to other people.,vaccination
"Krispy Kreme was way a head of the game, free donuts to anyone with proof a vaccine.",vaccination
Let’s not forget “most” Americans will have their employer’s health plan pay for the vaccine.,vaccination
"Corporations and health privacy in the US? How about we start by outlawing drug testing requirements for jobs that in no way impact public safety: bagging groceries, waiting tables...",
My company offers 4 hours PTO so employees can get each shot.,vaccination
"My company has been successfully operating in work from home mode for over a year.  One potential strategy for us could be to require the vaccination for returning to the office, but allowing those who object to getting the vaccine to continue working remotely.  The article briefly touches on the fact that the COVID vaccines have emergency approval thus from from the USDA.  I wonder how the legal issues shift if the vaccines get full approval (like the ones most of our kids are required to have in order to attend school).",vaccination
"As is often the case with much (not all) of The New York Times' reporting on Covid, the good news -- news that totally undermines the panic and negativity of the headline -- is buried towards the end of the article: ""Several studies have shown that while current vaccines are effective against Delta, they are slightly less so than against most other variants.""  For the authors to ominously frame a piece around the delta variant using language like ""worrisome,"" ""nervous,"" concerned,"" ""fearsome,"" when -- by the authors' own acknowledgment -- the risk posed to vaccinated individuals is apparently only ""slightly less"" than what vaccinated individuals face with other variants is irresponsible and credibility-damaging reporting.  

Reminds me of the alarmism that we saw earlier this year in much of the Times' reporting on the South Africa variant -- where certain authors wrote about ""concerns"" that ""some experts"" had about that ""worrisome"" variant, forecasting a doomsday scenario that never materialized.  Maybe this kind of fear-inducing writing on variants will just have to keep happening in cycles.  There's a whipping up of ""concern,"" and then a quiet petering out -- when the actual data don't bear out the overhyped fear.",vaccination
"The Delta variant is at its peak in the UK.

Daily deaths have never passed 20.

At the peak of the pandemic it was 1,200.

The nation is mostly open, and vaccination rates are similar to the US.

I am begging - pleading - with the NYT and other media to put the Delta panic into perspective.

If you're in a well-vaccinated state, you don't need to go into reverse on Covid restrictions.",vaccination
"Owning an ""essential business"" and having had Covid, I mandated the vaccine for all of the employees working at my company.  The logistics are not that complicated.  I had one of the staff schedule all of the appointments during work hours with a local pharmacy that then confirmed back that the employees had actually received the shot.  One employee was reluctant because of the J&J issue but when it was explained that he would be receiving Moderna and wasn't a woman between 18 and 48, he went also.  One person was given a medical exemption until their doctor confirmed their ability to be vaccinated.  They have also been vaccinated.  Three people had side effects that caused them to miss the following day, but everyone is fine.  Beyond the public health issues which are critical, from a business perspective it is better to lose an employee for a couple of hours or a day because of vaccinations than for two weeks (or forever) because of Covid.  The virus is insidious and the effects of it can be long lasting.  The employees have seen the impact of Covid on some of their coworkers and their neighbors in the area and were grateful that the effort was made to protect them.  If it is presented properly, the employees will get the vaccination for their self interest.",vaccination
"I fwent to England for vacation recently with my family. We had a wonderful time, including eating out.

In my mind we should take risks as long they are reasonable. Minimizing deaths at all cost is a fool's errand.",lockdown
"I mean, I suppose it comes down to what the goals are, doesn't it? Is the goal to have absolutely zero spread, ever? If so, we'd have to gird ourselves to the idea of permanent masking. Obviously that's unrealistic, and a slippery slope. Is the goal to maintain adequate hospital beds, etc to care for those who have the most serious reactions to the virus - as was the rationale so many months ago? Well, have we done that yet? I'd like more reporting that gives us this information. We need a very clear explanation of just what we are trying to do here.",masking and distancing
"Someone who gets the vaccine poses less of a medical and financial risk, much like someone who doesn’t smoke. Charge those who don’t get the vaccine higher premiums, just like you do smokers. It’s simple.",vaccination
"Either vaccines work or they don’t. 
If I’ve been vaccinated how am I contagious? If being vaccinated doesn’t change my risk of being contagious and infected, then why did I let Pfizer shoot chemicals into my body? 
Measles is a highly infectious virus spread by respiratory droplets. I’ve been vaccinated for it (twice actually, but that’s another story) and am not required to wear a mask to prevent me from magically carrying, spreading or being infected by measles, so why am I supposed to wear a mask because of Covid?
I’m vaccinated and that means I can’t carry it or catch it. If that’s not what being vaccinated means then why are we getting vaccinated?",vaccination
Wait until the company health insurance provider refuses to cover Covid infection because the company did not provide adequate protection.   Or they rule it to be a preexisting condition,vaccination
"Since it is clearly not safe to hang out at a bar or inside a restaurant, why does my daughter have to teach a full class of 2nd grade English Language Learners in Long Island? They will be in her classroom for breakfast and lunch besides all day learning. They will not be six feet apart! How long will it take to spread to the children, their families and my daughter? 
Opening schools right now clearly makes no sense!",lockdown
It's funny how people who insist they need to keep an arsenal of weaponry in their home and on their person for their protection now want to scoff at those of us who will choose to continue wearing a thin piece of fabric over our faces to keep us from getting sick.,masking and distancing
"Why were the job numbers so low today? Maybe one reason is that many people don't feel like it is safe to go back yet. Do you know what would make them feel safe? If all of their co-workers were vaccinated. If employers want to have workers to hire and we all want our economy to get back to a good place, businesses are going to have to require their employees to be vaccinated. I for one am way more likely to go into a place where I feel that my health isn't at risk. Aren't you?",vaccination
"I haven't eaten out in a restaurant at all since this started, and I won't until there's an effective vaccine. For those who say that could be a year or two away, THAT'S FINE, I'LL WAIT!

A meal eaten at a restaurant is not worth risking my life over, nor is it worth risking the lives of my nearest & dearest.

I have the patience to wait this out, and it's too bad so much of this country is afflicted with a ridiculously short attention span AND the entitlement virus.

Let me put it this way: If World War II happened now, we wouldn't stand a chance, b/c everyone would be so lazy, so out-of-shape, and so selfish - totally unwilling to ""do without."" It would end up being easier to learn how to order from Mickey D's in Russian or German.",vaccination
"Just require proof of vaccination to go back to the office and most people will lose their hesitancy pretty quickly, working from home is getting old now for all but a few people I know. Employees who don't like it can continue to work from home (if it makes sense for the business) or quit and find a different job.",vaccination
"It seems like we don't have many outspoken advocates for COVID vaccination except the government officials. How about changing the profile picture to ""I got my COVID vaccine""? How about Facebook and Twitter issue a ""vaccinated"" verification mark?",vaccination
"In California we let down our guard for a week of indoor dining (no bars) and wham, cases began to surge. We're back to outdoor dining only (with masks and distancing) which is really enjoyable in in some ways very creative. I do wonder what the winter will hold with rain, wind and cold fronts. I remember visiting Oslo where all the outdoor diners (who were also smokers) were provided with fur wraps at their seats. An idea? Well, no fur in California but perhaps fake?",masking and distancing
"How about companies can put a big sign out front if their employees are all vaccinated. It can be a reassurance for those because of chemo, or other immunocompromising situations, can safely enter.",vaccination
To all those who gloat “elections have consequences” ; let’s administer VACCINES (or not) have consequences.,vaccination
"The only difference between the complete U.S. failure to deal with the pandemic and the success of other countries is Trump and the toady Republicans who do not have either the sense or backbone to act responsibly.

This is an observable fact, not a partisan opinion. Would anyone like to try to prove otherwise--prove using facts, not generic attacks.",
"Sigh... I've been enjoying mask-free grocery shopping, but that brief respite is over. Masking up again. Doesn't seem like there is much choice in the matter if you care about other people's health.",masking and distancing
"More half-truths that lack perspective.  The author would have your believe that in spite of a mountain of evidence collected around the world from countries with far better contact tracking programs, America's problem with COVID-19 is due to bar and restaurants re-openings.  Simplistic, childish and inaccurate as her own opening paragraphs show:

""In Louisiana, roughly a quarter of the state’s....""
""In Maryland, 12 percent of new cases last month...""
""....and in Colorado, 9 percent...""

Where are the real 'focal points' and 'clusters'?  Swimming pools?  Money?  Toilet plumes?  Schools?  The answers are known, but they aren't exciting or fear-inducing so they go unmentioned.  In the meantime just stay away from bars, restaurants, water (of all kinds...the virus monsters are very afraid of water in any form), cash, toilets and schools.  That should just about take care of the virus.

Oh...wait....the US average death rate per 100,000 from COVID is about to overtake Sweden's.  What's the NYT going to say then?",lockdown
"I have a company  and we're not hiring or keeping anyone employed that won't get vaccinated.

Soon, outbreaks will be able to be traced back to their point of origin and those businesses that allowed the the infected in are going to get sued to oblivion as they should.",vaccination
"With all these variants popping up why is international travel still allowed in the United States?  We have the advantage of being oceans away from the UK and India, yet the variants that emerged in those places still made it all the way over here.  Why?",lockdown
"The “strategy” of dangling maskless faces in front of the unvaccinated didn’t work.  And no one who actually interacts with people who don’t want to get vaccinated thought that it would. 

All that happened is the unvaccinated, who were grudgingly at least wearing masks much of the time, just stopped wearing a mask.

Now we’re all living a surreal version of Invasion of the Body Snatchers where the unvaccinated and possibly infected look just like the vaccinated. 

Now even if the CDC tries to walk it back they will never again get the amount of grudging compliance they got before.

This was entirely predictable and preventable.",vaccination
"I have not eaten outside my house since March. 
I miss our favorite places. 
I don’t want to sit down for a dinner-length time anywhere because I am scared to. 
I know that chez moi I can eat and not risk anything. For me, it’s a bit sad to know I won’t patronize places we used to go to, but no. No yet.",lockdown
"I don't get this rush to separate vaxed from non-vaxed. I got my second Pfizer dose in February and have three months left on my Excelsior pass. Who knows how available boosters are going to be in late August? I'd much rather be exposed a bit now to give myself an update. Sure, I'll keep masking, but at this point variolation could actually help me.",vaccination
"Republicans are mostly hurting themselves when they don't get vaccinated and don't wear masks. If the delta variant breaks out in the USA, Republicans will be the ones hit the hardest.",vaccination
"I find this kind of article unhelpful, have you ever been to India especially in New Delhi if the noise, crowds, incense, feci, poverty, etc….doesn’t get you the smells will. Point I’m trying to make is how can that area go from thousands of people dying from this variant to now something hospitals can control so you ask yourself why didn’t it wipe out more people why don’t the doctors know more. Do we have a new variant every time this virus goes through masses of people that are not vaccinated. If so then masks should be worn for the next five years for allergy sufferers and these variants just tell us what to expect.",vaccination
I’m not wearing a mask to protect people who oppose vaccines.  This is nature’s way of removing people who are a threat to our population.,vaccination
"TX restaurants have been open since like May.  
Everyone seems to be handling it.  

The ""new cases"" and ""deaths"" counts are completely unreliable.  A positive Covid test is not even needed for a doctor to count the death as Covid!  Now no one trusts the numbers (except old people, who are also easily fooled by phone scams, internet scams, etc).

Texas had a huge ""spike"" back when reporting rules changed re what could now count as a confirmed case.  Again, most people rolled their eyes and went about their business.

Stay home if you're afraid.  Restaurants in Dallas are as full as they can be.  I saw over a dozen super old people back at the Y today.  Even they aren't buying the hype.",lockdown
Our love of restaurants is one of the primary reasons why we are so fat. Now we can add Covid-19 to the consequences.,lockdown
"I will still wear a good mask in any public store of any type until the pandemic is really, actually over.  Covid is not gone and continues to mutate: the risk is obvious.",masking and distancing
Have people forgotten the procedure masks and regular fabric masks do little to protect the person waring them.  N or P 95 masks are %95 effective in filtering out the vapor particles on the inhale.,masking and distancing
"If you don't want to get a Covid vaccine shot for whatever reason? Fine. But don't expect everyone else to treat you as if you have had one.

And just because you don't want to get a Covid vaccine shot, don't expect those of us who have to stay in ""lockdown"" mode just because you don't think it is fair that those who have had a shot to be able to start enjoying things again. 

Actions (or inactions) have consequences.",vaccination
"There are only two things CDC has done about this pandemic—actually done pretty much on its own, not had shoved on them by morons—that annoy me are, a) foul up the initial tests and testings, and b) issue that advisory about not bothering to mask up any more. 

Myself, I got vaccinated months ago. And I’m going to be avoiding crowds and air travel for a while yet, and doing the two-mask thing while shopping for a while yet. And washing my hands a bunch. 

Eased up on some other things, like wearing a mask outdoors. 

But I don’t see what the big deal is here.",vaccination
"Healthcare systems require all their employees, even those who do not interact with patients , to get vaccinated with the flu shot. This has been going on for awhile. Exceptions are for religious or medical reasons. Now that the Covid vaccines are most likely going to come off emergency FDA request, I think more companies may require it. Or they may influence employees to get it.",vaccination
"the CDC ""guidance"" now puts the onus on each and every individual. there will be blood.",
"If an employer offers health insurance to it employees, they can treat vaccination the same as non-smoking and offer discounts for getting vaccinated. The unvaccinated are likely to cost more so it is fair to charge them more just as they do for smokers.",vaccination
"More people die each day in US from the virus than Taiwan has new cases, but we tell people to take off their masks. The can't do-won't do nation.",masking and distancing
Companies who no longer have any loyalty to their employees have NO business directing their employees health care decisions.  My health care is not a collaborative exercise for managers who have no real concern for me or my family.,
I certainly won't work anywhere that doesn't require a vaccinated workforce. No job is worth more than my health.,vaccination
And we are opening schools?,lockdown
"Anti-vaccine, go live under a rock and disappear from society.  Individuality does not include microbe rights to distribute unguarded.",vaccination
They should all be togo only for the rest of the year,
"Science vs. quackery and conspiracy theories. Where will the people with the power to make policy, whether in the private or public arenas, choose to stand?",lockdown
Might as well eat out after the government took our jobs away.,lockdown
