Quarter,Stock Tick prices,Stock Price
Q421,0,-0.049
Q421,1,-0.244
Q421,2,0.093
Q421,3,-0.023
Q421,4,-0.32
Q421,5,-0.287
Q421,6,-0.194
Q421,7,0.086
Q421,8,-0.482
Q421,9,-0.413
Q421,10,-0.062
Q421,11,-0.283
Q421,12,-0.093
Q421,13,-0.295
Q421,14,-0.407
Q421,15,-0.421
Q421,16,-0.257
Q421,17,-0.236
Q421,18,-0.047
Q421,19,-0.343
Q421,20,0.332
Q421,21,-0.11
Q421,22,0.054
Q421,23,-0.022
Q421,24,0.028
Q421,25,-0.202
Q421,26,-0.073
Q421,27,0.085
Q421,28,-0.235
Q421,29,-0.094
Q421,30,0.19
Q421,31,0.219
Q421,32,0.032
Q421,33,0.106
Q421,34,-0.206
Q421,35,-0.305
Q421,36,-0.299
Q421,37,-0.112
Q421,38,-0.262
Q421,39,0.126
Q421,40,0.158
Q421,41,0.058
Q421,42,0.152
Q421,43,0.001
Q421,44,-0.282
Q421,45,-0.238
Q421,46,-0.409
Q421,47,-0.255
Q421,48,-0.404
Q421,49,-0.267
Q421,50,-0.287
Q421,51,-0.283
Q421,52,0.044
Q421,53,0.01
Q421,54,-0.557
Q421,55,-0.039
Q421,56,-0.028
Q421,57,0.016
Q421,58,-0.285
Q421,59,-0.019
Q421,60,0.022
Q421,61,-0.344
Q421,62,-0.277
Q421,63,-0.16
Q421,64,0.227
Q421,65,-0.005
Q421,66,-0.147
Q421,67,0.163
Q421,68,-0.439
Q421,69,0.035
Q421,70,0.032
Q421,71,0.075
Q421,72,-0.083
Q421,73,-0.063
Q421,74,-0.445
Q421,75,-0.212
Q421,76,0.221
Q421,77,-0.33
Q421,78,0.199
Q421,79,0.154
Q421,80,-0.245
Q421,81,0.189
Q421,82,-0.337
Q421,83,-0.349
Q421,84,-0.129
Q421,85,-0.241
Q421,86,-0.15
Q421,87,-0.093
Q421,88,0.153
Q421,89,-0.13
Q421,90,-0.153
Q421,91,-0.24
Q421,92,-0.096
Q421,93,-0.339
Q421,94,0.045
Q421,95,-0.304
Q421,96,-0.262
Q421,97,-0.202
Q421,98,-0.003
Q421,99,-0.12
Q421,100,-0.125
Q421,101,-0.074
Q421,102,0.094
Q421,103,-0.022
Q421,104,0.024
Q421,105,-0.044
Q421,106,-0.256
Q421,107,-0.015
Q421,108,-0.349
Q421,109,0.059
Q421,110,-0.202
Q421,111,-0.298
Q421,112,-0.378
Q421,113,-0.344
Q421,114,0.023
Q421,115,-0.006
Q421,116,-0.079
Q421,117,-0.214
Q421,118,0.186
Q421,119,-0.212
Q421,120,0.212
Q421,121,0.102
Q421,122,-0.116
Q421,123,0.079
Q421,124,-0.092
Q421,125,-0.333
Q421,126,0.111
Q421,127,0.038
Q421,128,0.127
Q421,129,-0.149
Q421,130,-0.522
Q421,131,-0.035
Q421,132,0.148
Q421,133,-0.141
Q421,134,-0.078
Q421,135,0.055
Q421,136,-0.128
Q421,137,0.016
Q421,138,0.025
Q421,139,-0.262
Q421,140,0.098
Q421,141,-0.024
Q421,142,-0.164
Q421,143,0.069
Q421,144,0.202
Q421,145,-0.142
Q421,146,0.228
Q421,147,-0.478
Q421,148,-0.599
Q421,149,-0.183
Q421,150,-0.006
Q421,151,0.021
Q421,152,0.021
Q421,153,-0.258
Q421,154,-0.22
Q421,155,-0.292
Q421,156,-0.248
Q421,157,-0.216
Q421,158,-0.045
Q421,159,0.241
Q421,160,0.047
Q421,161,-0.138
Q421,162,-0.248
Q421,163,-0.225
Q421,164,-0.052
Q421,165,0.178
Q421,166,0.102
Q421,167,-0.056
Q421,168,-0.084
Q421,169,-0.098
Q421,170,-0.333
Q421,171,0.118
Q421,172,0.066
Q421,173,-0.294
Q421,174,-0.281
Q421,175,-0.283
Q421,176,-0.018
Q421,177,-0.179
Q421,178,-0.177
Q421,179,-0.057
Q421,180,-0.279
Q421,181,0.094
Q421,182,-0.305
Q421,183,-0.402
Q421,184,-0.128
Q421,185,-0.169
Q421,186,0.199
Q421,187,-0.431
Q421,188,0.194
Q421,189,0.179
Q421,190,-0.224
Q421,191,0.184
Q421,192,0.179
Q421,193,-0.096
Q421,194,0.166
Q421,195,-0.278
Q421,196,0.042
Q421,197,-0.357
Q421,198,-0.355
Q421,199,0.034
Q421,200,0.102
Q421,201,0.219
Q421,202,-0.117
Q421,203,-0.257
Q421,204,-0.162
Q421,205,-0.228
Q421,206,0.114
Q421,207,-0.138
Q421,208,0.017
Q421,209,0.054
Q421,210,-0.438
Q421,211,-0.213
Q421,212,-0.309
Q421,213,0.077
Q421,214,0.136
Q421,215,0.13
Q421,216,-0.11
Q421,217,-0.359
Q421,218,0.243
Q421,219,-0.179
Q421,220,-0.082
Q421,221,-0.199
Q421,222,-0.046
Q421,223,-0.223
Q421,224,0.117
Q421,225,-0.062
Q421,226,-0.376
Q421,227,-0.268
Q421,228,0.063
Q421,229,-0.297
Q421,230,0.04
Q421,231,-0.388
Q421,232,-0.024
Q421,233,0.229
Q421,234,-0.18
Q421,235,0.108
Q421,236,0.076
Q421,237,-0.402
Q421,238,0.194
Q421,239,0.136
Q421,240,1.07
Q421,241,1.23
Q421,242,1.28
Q421,243,1.552
Q421,244,1.227
Q421,245,1.235
Q421,246,1.872
Q421,247,1.858
Q421,248,2.356
Q421,249,2.517
Q421,250,2.677
Q421,251,2.611
Q421,252,2.538
Q421,253,3.16
Q421,254,3.055
Q421,255,3.481
Q421,256,3.642
Q421,257,3.803
Q421,258,3.963
Q421,259,3.794
Q421,260,4.285
Q421,261,4.446
Q421,262,4.606
Q421,263,4.386
Q421,264,4.928
Q421,265,5.089
Q421,266,4.088
Q421,267,5.41
Q421,268,5.571
Q421,269,5.732
Q421,270,5.893
Q421,271,6.053
Q421,272,6.214
Q421,273,6.375
Q421,274,6.013
Q421,275,6.696
Q421,276,6.857
Q421,277,5.94
Q421,278,7.179
Q421,279,6.752
Q421,280,7.5
Q421,281,7.661
Q421,282,7.822
Q421,283,7.982
Q421,284,8.143
Q421,285,7.028
Q421,286,7.788
Q421,287,7.301
Q421,288,7.437
Q421,289,8.947
Q421,290,8.379
Q421,291,9.269
Q421,292,7.981
Q421,293,9.59
Q421,294,9.751
Q421,295,7.718
Q421,296,10.072
Q421,297,10.233
Q421,298,10.394
Q421,299,10.555
Q321,0,-0.304
Q321,1,-0.246
Q321,2,0.05
Q321,3,-0.19
Q321,4,-0.6
Q321,5,-0.341
Q321,6,-0.422
Q321,7,-0.117
Q321,8,-0.068
Q321,9,0.014
Q321,10,-0.198
Q321,11,0.112
Q321,12,-0.407
Q321,13,-0.207
Q321,14,0.197
Q321,15,0.041
Q321,16,-0.266
Q321,17,-0.37
Q321,18,-0.187
Q321,19,-0.343
Q321,20,-0.389
Q321,21,0.061
Q321,22,-0.094
Q321,23,-0.132
Q321,24,0.185
Q321,25,-0.318
Q321,26,-0.364
Q321,27,-0.335
Q321,28,-0.056
Q321,29,-0.398
Q321,30,0.165
Q321,31,-0.109
Q321,32,-0.249
Q321,33,0.027
Q321,34,-0.238
Q321,35,-0.373
Q321,36,-0.226
Q321,37,0.218
Q321,38,0.023
Q321,39,0.01
Q321,40,0.183
Q321,41,-0.278
Q321,42,-0.265
Q321,43,-0.085
Q321,44,0.171
Q321,45,-0.015
Q321,46,0.079
Q321,47,-0.543
Q321,48,-0.374
Q321,49,-0.008
Q321,50,0.119
Q321,51,0.145
Q321,52,-0.178
Q321,53,-0.149
Q321,54,0.084
Q321,55,0.18
Q321,56,-0.102
Q321,57,0.222
Q321,58,-0.156
Q321,59,0.144
Q321,60,0.012
Q321,61,-0.051
Q321,62,-0.047
Q321,63,0.086
Q321,64,-0.071
Q321,65,-0.173
Q321,66,-0.025
Q321,67,-0.273
Q321,68,0.011
Q321,69,0.132
Q321,70,-0.42
Q321,71,-0.119
Q321,72,0.141
Q321,73,-0.154
Q321,74,-0.133
Q321,75,-0.315
Q321,76,0.045
Q321,77,-0.149
Q321,78,0.061
Q321,79,-0.127
Q321,80,-0.353
Q321,81,-0.353
Q321,82,-0.299
Q321,83,-0.115
Q321,84,0.023
Q321,85,0.08
Q321,86,0.098
Q321,87,-0.143
Q321,88,-0.409
Q321,89,-0.216
Q321,90,-0.128
Q321,91,-0.209
Q321,92,0.31
Q321,93,-0.2
Q321,94,-0.37
Q321,95,-0.247
Q321,96,-0.117
Q321,97,0.246
Q321,98,-0.343
Q321,99,-0.059
Q321,100,-0.203
Q321,101,0.091
Q321,102,0.157
Q321,103,-0.507
Q321,104,-0.244
Q321,105,-0.007
Q321,106,0.157
Q321,107,-0.162
Q321,108,-0.339
Q321,109,0.001
Q321,110,-0.059
Q321,111,-0.129
Q321,112,-0.182
Q321,113,-0.541
Q321,114,0.086
Q321,115,0.058
Q321,116,0.057
Q321,117,-0.271
Q321,118,-0.394
Q321,119,-0.182
Q321,120,-0.147
Q321,121,-0.113
Q321,122,-0.234
Q321,123,-0.381
Q321,124,0.057
Q321,125,0.247
Q321,126,-0.043
Q321,127,-0.314
Q321,128,-0.315
Q321,129,0.183
Q321,130,-0.102
Q321,131,-0.052
Q321,132,0.049
Q321,133,-0.464
Q321,134,0.17
Q321,135,-0.042
Q321,136,0.06
Q321,137,-0.556
Q321,138,-0.139
Q321,139,-0.179
Q321,140,-0.38
Q321,141,0.234
Q321,142,-0.149
Q321,143,-0.494
Q321,144,0.033
Q321,145,-0.248
Q321,146,-0.243
Q321,147,0.024
Q321,148,0
Q321,149,-0.124
Q321,150,0.009
Q321,151,-0.281
Q321,152,0.051
Q321,153,0.17
Q321,154,-0.128
Q321,155,-0.121
Q321,156,0.186
Q321,157,-0.261
Q321,158,-0.382
Q321,159,-0.398
Q321,160,0.043
Q321,161,-0.234
Q321,162,0.008
Q321,163,-0.07
Q321,164,-0.29
Q321,165,-0.01
Q321,166,-0.25
Q321,167,0.167
Q321,168,-0.16
Q321,169,-0.171
Q321,170,0.008
Q321,171,0.135
Q321,172,0.086
Q321,173,0.045
Q321,174,-0.11
Q321,175,-0.254
Q321,176,-0.121
Q321,177,0.24
Q321,178,0.183
Q321,179,0.108
Q321,180,-0.11
Q321,181,0.009
Q321,182,-0.366
Q321,183,-0.109
Q321,184,-0.235
Q321,185,0.006
Q321,186,-0.157
Q321,187,-0.383
Q321,188,-0.381
Q321,189,-0.402
Q321,190,-0.175
Q321,191,0.177
Q321,192,0.024
Q321,193,-0.231
Q321,194,-0.186
Q321,195,0.08
Q321,196,-0.248
Q321,197,-0.115
Q321,198,-0.383
Q321,199,0.063
Q321,200,-0.004
Q321,201,-0.129
Q321,202,0.102
Q321,203,0.1
Q321,204,0.208
Q321,205,-0.434
Q321,206,-0.144
Q321,207,-0.207
Q321,208,-0.09
Q321,209,-0.244
Q321,210,-0.023
Q321,211,0.1
Q321,212,-0.109
Q321,213,0.021
Q321,214,-0.204
Q321,215,-0.398
Q321,216,-0.366
Q321,217,-0.431
Q321,218,-0.125
Q321,219,-0.411
Q321,220,-0.168
Q321,221,0.006
Q321,222,-0.008
Q321,223,-0.393
Q321,224,0.17
Q321,225,0.106
Q321,226,-0.372
Q321,227,0.188
Q321,228,0.246
Q321,229,-0.036
Q321,230,-0.191
Q321,231,0.017
Q321,232,-0.346
Q321,233,-0.146
Q321,234,0.172
Q321,235,-0.396
Q321,236,-0.009
Q321,237,-0.118
Q321,238,-0.012
Q321,239,-0.322
Q321,240,0.052
Q321,241,0.026
Q321,242,0.005
Q321,243,-0.018
Q321,244,-0.035
Q321,245,-0.065
Q321,246,-0.088
Q321,247,-0.111
Q321,248,-0.134
Q321,249,-0.145
Q321,250,-0.181
Q321,251,-0.204
Q321,252,-0.227
Q321,253,-0.251
Q321,254,-0.274
Q321,255,-0.297
Q321,256,-0.321
Q321,257,-0.344
Q321,258,-0.367
Q321,259,-0.39
Q321,260,-0.414
Q321,261,-0.437
Q321,262,-0.39
Q321,263,-0.484
Q321,264,-0.507
Q321,265,-0.53
Q321,266,-0.553
Q321,267,-0.577
Q321,268,-0.6
Q321,269,-0.623
Q321,270,-0.646
Q321,271,-0.616
Q321,272,-0.693
Q321,273,-0.659
Q321,274,-0.68
Q321,275,-0.646
Q321,276,-0.723
Q321,277,-0.809
Q321,278,-0.705
Q321,279,-0.856
Q321,280,-0.685
Q321,281,-0.83
Q321,282,-0.852
Q321,283,-0.949
Q321,284,-0.895
Q321,285,-0.996
Q321,286,-1.019
Q321,287,-1.042
Q321,288,-0.98
Q321,289,-1.002
Q321,290,-1.112
Q321,291,-1.135
Q321,292,-1.066
Q321,293,-1.087
Q321,294,-1.205
Q321,295,-1.228
Q321,296,-1.252
Q321,297,-1.275
Q321,298,-1.298
Q321,299,-1.322
Q221,0,-0.413
Q221,1,0.132
Q221,2,-0.224
Q221,3,-0.326
Q221,4,-0.365
Q221,5,0.162
Q221,6,0.11
Q221,7,-0.106
Q221,8,0.045
Q221,9,-0.423
Q221,10,0.074
Q221,11,0.073
Q221,12,-0.33
Q221,13,-0.082
Q221,14,-0.401
Q221,15,-0.278
Q221,16,-0.383
Q221,17,-0.234
Q221,18,-0.321
Q221,19,0.229
Q221,20,0.146
Q221,21,-0.284
Q221,22,0.183
Q221,23,0.1
Q221,24,-0.488
Q221,25,-0.544
Q221,26,0.2
Q221,27,0.163
Q221,28,-0.234
Q221,29,-0.089
Q221,30,-0.088
Q221,31,-0.494
Q221,32,0.173
Q221,33,0.054
Q221,34,0.103
Q221,35,-0.048
Q221,36,-0.309
Q221,37,-0.227
Q221,38,0.116
Q221,39,-0.201
Q221,40,0.036
Q221,41,-0.27
Q221,42,-0.003
Q221,43,0.202
Q221,44,0.134
Q221,45,-0.437
Q221,46,-0.004
Q221,47,0.229
Q221,48,-0.039
Q221,49,0.319
Q221,50,0.229
Q221,51,-0.348
Q221,52,-0.035
Q221,53,-0.133
Q221,54,-0.005
Q221,55,0.211
Q221,56,0.215
Q221,57,0.129
Q221,58,-0.286
Q221,59,0.096
Q221,60,-0.196
Q221,61,0.154
Q221,62,0.062
Q221,63,-0.209
Q221,64,0.092
Q221,65,-0.183
Q221,66,0.061
Q221,67,-0.088
Q221,68,-0.18
Q221,69,0.078
Q221,70,-0.055
Q221,71,-0.289
Q221,72,-0.12
Q221,73,-0.268
Q221,74,0.053
Q221,75,-0.492
Q221,76,-0.479
Q221,77,-0.384
Q221,78,-0.368
Q221,79,-0.461
Q221,80,0.092
Q221,81,0.228
Q221,82,0.216
Q221,83,-0.123
Q221,84,0.191
Q221,85,0.169
Q221,86,-0.079
Q221,87,-0.108
Q221,88,0.019
Q221,89,-0.161
Q221,90,0.201
Q221,91,-0.015
Q221,92,0.002
Q221,93,-0.53
Q221,94,0.131
Q221,95,0.124
Q221,96,-0.444
Q221,97,0.171
Q221,98,-0.239
Q221,99,-0.307
Q221,100,0.128
Q221,101,0.133
Q221,102,-0.032
Q221,103,-0.286
Q221,104,-0.367
Q221,105,-0.076
Q221,106,-0.017
Q221,107,-0.299
Q221,108,-0.304
Q221,109,0.107
Q221,110,0.082
Q221,111,-0.178
Q221,112,-0.386
Q221,113,-0.023
Q221,114,-0.018
Q221,115,0.15
Q221,116,0.171
Q221,117,-0.402
Q221,118,0.259
Q221,119,0.082
Q221,120,-0.263
Q221,121,0.05
Q221,122,0.094
Q221,123,-0.431
Q221,124,-0.193
Q221,125,-0.254
Q221,126,0.157
Q221,127,-0.256
Q221,128,0.138
Q221,129,-0.1
Q221,130,-0.205
Q221,131,-0.215
Q221,132,-0.317
Q221,133,0.204
Q221,134,0.17
Q221,135,0.081
Q221,136,-0.052
Q221,137,-0.054
Q221,138,-0.115
Q221,139,-0.387
Q221,140,-0.177
Q221,141,0.096
Q221,142,-0.083
Q221,143,-0.448
Q221,144,-0.176
Q221,145,-0.334
Q221,146,-0.063
Q221,147,-0.136
Q221,148,-0.416
Q221,149,-0.14
Q221,150,0.123
Q221,151,-0.327
Q221,152,0.119
Q221,153,0.137
Q221,154,-0.391
Q221,155,-0.19
Q221,156,-0.153
Q221,157,-0.296
Q221,158,-0.296
Q221,159,-0.091
Q221,160,-0.209
Q221,161,-0.157
Q221,162,-0.438
Q221,163,-0.019
Q221,164,-0.198
Q221,165,-0.254
Q221,166,-0.257
Q221,167,0.143
Q221,168,0.027
Q221,169,0.062
Q221,170,-0.005
Q221,171,-0.179
Q221,172,0.207
Q221,173,0.162
Q221,174,0.261
Q221,175,0.004
Q221,176,0.167
Q221,177,-0.291
Q221,178,0.062
Q221,179,0.116
Q221,180,2.159
Q221,181,2.251
Q221,182,2.546
Q221,183,2.646
Q221,184,2.038
Q221,185,2.617
Q221,186,2.944
Q221,187,1.674
Q221,188,4.244
Q221,189,1.641
Q221,190,3.343
Q221,191,3.442
Q221,192,3.542
Q221,193,3.35
Q221,194,3.166
Q221,195,3.533
Q221,196,1.096
Q221,197,4.039
Q221,198,5.588
Q221,199,5.722
Q221,200,1.312
Q221,201,3.756
Q221,202,5.635
Q221,203,3.925
Q221,204,4.736
Q221,205,6.006
Q221,206,2.714
Q221,207,4.632
Q221,208,5.134
Q221,209,2.879
Q221,210,5.334
Q221,211,5.433
Q221,212,5.533
Q221,213,5.632
Q221,214,5.732
Q221,215,5.831
Q221,216,3.262
Q221,217,6.03
Q221,218,5.64
Q221,219,8.41
Q221,220,4.699
Q221,221,6.429
Q221,222,6.006
Q221,223,3.645
Q221,224,6.727
Q221,225,5.316
Q221,226,6.926
Q221,227,6.464
Q221,228,7.126
Q221,229,7.225
Q221,230,6.739
Q221,231,7.424
Q221,232,7.524
Q221,233,7.013
Q221,234,6.537
Q221,235,7.197
Q221,236,7.922
Q221,237,8.021
Q221,238,6.874
Q221,239,8.221
Q221,240,8.32
Q221,241,7.126
Q221,242,8.519
Q221,243,7.929
Q221,244,8.718
Q221,245,8.818
Q221,246,8.917
Q221,247,9.017
Q221,248,7.716
Q221,249,9.216
Q221,250,9.316
Q221,251,9.415
Q221,252,8.754
Q221,253,9.614
Q221,254,9.714
Q221,255,9.028
Q221,256,9.913
Q221,257,9.212
Q221,258,10.112
Q221,259,9.395
Q221,260,10.311
Q221,261,10.411
Q221,262,10.51
Q221,263,9.761
Q221,264,10.709
Q221,265,10.809
Q221,266,10.909
Q221,267,10.127
Q221,268,11.108
Q221,269,9.486
Q221,270,11.307
Q221,271,11.406
Q221,272,11.506
Q221,273,9.823
Q221,274,10.769
Q221,275,11.804
Q221,276,11.904
Q221,277,11.043
Q221,278,12.103
Q221,279,12.203
Q221,280,11.318
Q221,281,12.402
Q221,282,12.501
Q221,283,12.601
Q221,284,11.684
Q221,285,12.8
Q221,286,10.918
Q221,287,11.002
Q221,288,13.099
Q221,289,13.198
Q221,290,12.234
Q221,291,13.397
Q221,292,12.417
Q221,293,13.596
Q221,294,13.696
Q221,295,13.796
Q221,296,13.895
Q221,297,13.995
Q221,298,14.094
Q221,299,14.194
Q121,0,0.523
Q121,1,0.751
Q121,2,0.59
Q121,3,0.574
Q121,4,0.658
Q121,5,0.692
Q121,6,0.725
Q121,7,0.698
Q121,8,0.793
Q121,9,0.761
Q121,10,1.069
Q121,11,0.894
Q121,12,0.928
Q121,13,0.487
Q121,14,0.996
Q121,15,1.029
Q121,16,0.978
Q121,17,1.097
Q121,18,1.131
Q121,19,2.122
Q121,20,0.659
Q121,21,1.133
Q121,22,1.164
Q121,23,0.657
Q121,24,1.333
Q121,25,1.367
Q121,26,1.401
Q121,27,0.789
Q121,28,1.468
Q121,29,1.382
Q121,30,1.413
Q121,31,1.569
Q121,32,1.357
Q121,33,1.637
Q121,34,1.671
Q121,35,1.568
Q121,36,1.599
Q121,37,0.975
Q121,38,0.993
Q121,39,0.931
Q121,40,1.873
Q121,41,1.754
Q121,42,1.786
Q121,43,1.975
Q121,44,1.848
Q121,45,3.424
Q121,46,2.076
Q121,47,1.941
Q121,48,1.972
Q121,49,2.177
Q121,50,2.211
Q121,51,2.245
Q121,52,2.278
Q121,53,3.121
Q121,54,2.346
Q121,55,2.38
Q121,56,2.22
Q121,57,2.447
Q121,58,2.481
Q121,59,2.314
Q121,60,2.548
Q121,61,2.376
Q121,62,2.616
Q121,63,2.438
Q121,64,2.469
Q121,65,2.717
Q121,66,2.751
Q121,67,2.785
Q121,68,2.819
Q121,69,5.198
Q121,70,3.298
Q121,71,3.942
Q121,72,1.495
Q121,73,2.748
Q121,74,3.021
Q121,75,1.68
Q121,76,3.089
Q121,77,1.717
Q121,78,2.156
Q121,79,1.614
Q121,80,3.224
Q121,81,2.757
Q121,82,3.291
Q121,83,3.059
Q121,84,3.359
Q121,85,3.393
Q121,86,4.625
Q121,87,3.46
Q121,88,3.494
Q121,89,3.245
Q121,90,3.561
Q121,91,3.307
Q121,92,1.996
Q121,93,3.663
Q121,94,3.401
Q121,95,3.73
Q121,96,3.764
Q121,97,3.798
Q121,98,2.845
Q121,99,3.865
Q121,100,3.587
Q121,101,2.686
Q121,102,2.007
Q121,103,3.386
Q121,104,4.034
Q121,105,3.02
Q121,106,4.101
Q121,107,5.583
Q121,108,3.529
Q121,109,3.867
Q121,110,4.237
Q121,111,4.27
Q121,112,2.178
Q121,113,3.991
Q121,114,3.404
Q121,115,5.947
Q121,116,4.084
Q121,117,3.055
Q121,118,3.814
Q121,119,4.54
Q121,120,2.516
Q121,121,2.145
Q121,122,6.281
Q121,123,4.675
Q121,124,4.332
Q121,125,4.743
Q121,126,4.395
Q121,127,4.072
Q121,128,2.451
Q121,129,4.878
Q121,130,1.486
Q121,131,4.946
Q121,132,4.979
Q121,133,5.013
Q121,134,2.554
Q121,135,6.859
Q121,136,2.813
Q121,137,5.148
Q121,138,6.995
Q121,139,5.216
Q121,140,5.249
Q121,141,5.283
Q121,142,5.317
Q121,143,5.351
Q121,144,5.384
Q121,145,6.729
Q121,146,5.452
Q121,147,4.643
Q121,148,6.855
Q121,149,5.553
Q121,150,5.587
Q121,151,6.981
Q121,152,5.654
Q121,153,5.233
Q121,154,5.264
Q121,155,5.756
Q121,156,7.816
Q121,157,5.823
Q121,158,2.964
Q121,159,5.891
Q121,160,5.451
Q121,161,8.044
Q121,162,5.992
Q121,163,5.544
Q121,164,6.06
Q121,165,6.093
Q121,166,5.637
Q121,167,5.668
Q121,168,5.699
Q121,169,6.228
Q121,170,6.262
Q121,171,6.296
Q121,172,6.33
Q121,173,6.363
Q121,174,5.885
Q121,175,6.431
Q121,176,6.465
Q121,177,3.288
Q121,178,8.113
Q121,179,6.041
Q121,180,6.072
Q121,181,6.634
Q121,182,3.667
Q121,183,5.672
Q121,184,6.735
Q121,185,6.769
Q121,186,8.449
Q121,187,6.289
Q121,188,5.101
Q121,189,6.351
Q121,190,6.382
Q121,191,6.971
Q121,192,5.201
Q121,193,9.502
Q121,194,6.507
Q121,195,9.593
Q121,196,8.158
Q121,197,7.174
Q121,198,3.964
Q121,199,9.776
Q121,200,9.821
Q121,201,7.309
Q121,202,6.755
Q121,203,9.958
Q121,204,3.749
Q121,205,6.848
Q121,206,7.478
Q121,207,3.497
Q121,208,7.545
Q121,209,4.168
Q121,210,7.004
Q121,211,7.035
Q121,212,7.066
Q121,213,6.007
Q121,214,5.292
Q121,215,7.159
Q121,216,7.815
Q121,217,4.317
Q121,218,7.252
Q121,219,7.283
Q121,220,7.314
Q121,221,7.345
Q121,222,8.018
Q121,223,7.407
Q121,224,2.446
Q121,225,7.469
Q121,226,6.901
Q121,227,7.532
Q121,228,7.563
Q121,229,8.254
Q121,230,7.625
Q121,231,8.322
Q121,232,8.355
Q121,233,8.389
Q121,234,8.423
Q121,235,7.78
Q121,236,8.49
Q121,237,7.842
Q121,238,7.873
Q121,239,7.272
Q121,240,8.625
Q121,241,8.659
Q121,242,8.693
Q121,243,8.727
Q121,244,8.76
Q121,245,8.091
Q121,246,7.472
Q121,247,7.501
Q121,248,8.896
Q121,249,8.929
Q121,250,7.586
Q121,251,8.997
Q121,252,7.643
Q121,253,8.339
Q121,254,9.098
Q121,255,7.729
Q121,256,9.166
Q121,257,9.199
Q121,258,9.233
Q121,259,9.267
Q121,260,9.301
Q121,261,9.334
Q121,262,9.368
Q121,263,9.402
Q121,264,9.436
Q121,265,8.015
Q121,266,7.4
Q121,267,9.537
Q121,268,9.571
Q121,269,9.604
Q121,270,8.158
Q121,271,9.672
Q121,272,8.929
Q121,273,9.74
Q121,274,9.773
Q121,275,9.807
Q121,276,9.841
Q121,277,9.875
Q121,278,9.908
Q121,279,9.147
Q121,280,9.976
Q121,281,10.01
Q121,282,9.24
Q121,283,8.529
Q121,284,9.302
Q121,285,8.586
Q121,286,10.178
Q121,287,10.212
Q121,288,10.246
Q121,289,10.28
Q121,290,9.488
Q121,291,10.347
Q121,292,10.381
Q121,293,10.415
Q121,294,8.844
Q121,295,10.482
Q121,296,10.516
Q121,297,10.55
Q121,298,10.584
Q121,299,10.617
Q420,0,1.361
Q420,1,1.39
Q420,2,1.419
Q420,3,1.332
Q420,4,1.994
Q420,5,1.385
Q420,6,0.844
Q420,7,1.563
Q420,8,1.592
Q420,9,1.491
Q420,10,1.65
Q420,11,1.544
Q420,12,1.571
Q420,13,1.597
Q420,14,2.383
Q420,15,1.794
Q420,16,1.677
Q420,17,0.56
Q420,18,1.73
Q420,19,1.756
Q420,20,1.783
Q420,21,1.809
Q420,22,2.694
Q420,23,2.514
Q420,24,2.053
Q420,25,2.586
Q420,26,2.412
Q420,27,1.811
Q420,28,1.995
Q420,29,2.021
Q420,30,2.765
Q420,31,1.615
Q420,32,2.284
Q420,33,2.872
Q420,34,1.288
Q420,35,2.18
Q420,36,2.399
Q420,37,3.015
Q420,38,1.243
Q420,39,2.485
Q420,40,1.383
Q420,41,2.543
Q420,42,2.366
Q420,43,2.601
Q420,44,2.629
Q420,45,2.07
Q420,46,2.274
Q420,47,2.716
Q420,48,2.525
Q420,49,2.552
Q420,50,2.802
Q420,51,2.831
Q420,52,3.861
Q420,53,2.889
Q420,54,2.684
Q420,55,2.946
Q420,56,4.016
Q420,57,4.055
Q420,58,2.567
Q420,59,5.58
Q420,60,3.09
Q420,61,2.87
Q420,62,1.593
Q420,63,3.177
Q420,64,1.763
Q420,65,2.976
Q420,66,3.263
Q420,67,3.029
Q420,68,0.782
Q420,69,3.35
Q420,70,3.379
Q420,71,3.407
Q420,72,3.436
Q420,73,4.678
Q420,74,4.717
Q420,75,3.241
Q420,76,3.267
Q420,77,3.58
Q420,78,3.609
Q420,79,2.701
Q420,80,3.667
Q420,81,2.033
Q420,82,3.426
Q420,83,3.753
Q420,84,1.761
Q420,85,3.506
Q420,86,5.183
Q420,87,3.559
Q420,88,3.897
Q420,89,3.926
Q420,90,3.955
Q420,91,3.665
Q420,92,3.691
Q420,93,3.421
Q420,94,3.744
Q420,95,4.099
Q420,96,3.798
Q420,97,4.157
Q420,98,3.851
Q420,99,4.214
Q420,100,4.243
Q420,101,3.616
Q420,102,4.301
Q420,103,3.983
Q420,104,4.358
Q420,105,4.036
Q420,106,2.429
Q420,107,3.3
Q420,108,0.685
Q420,109,5.145
Q420,110,4.169
Q420,111,4.195
Q420,112,4.589
Q420,113,1.285
Q420,114,4.275
Q420,115,4.675
Q420,116,2.38
Q420,117,2.603
Q420,118,4.03
Q420,119,4.79
Q420,120,6.506
Q420,121,4.848
Q420,122,4.128
Q420,123,4.906
Q420,124,4.935
Q420,125,4.963
Q420,126,6.739
Q420,127,4.619
Q420,128,5.05
Q420,129,6.856
Q420,130,2.809
Q420,131,4.725
Q420,132,4.752
Q420,133,5.194
Q420,134,2.872
Q420,135,7.09
Q420,136,5.28
Q420,137,5.309
Q420,138,4.518
Q420,139,5.367
Q420,140,4.964
Q420,141,4.99
Q420,142,4.616
Q420,143,5.482
Q420,144,7.44
Q420,145,4.689
Q420,146,5.568
Q420,147,5.597
Q420,148,6.988
Q420,149,5.655
Q420,150,5.684
Q420,151,7.095
Q420,152,7.751
Q420,153,5.77
Q420,154,5.799
Q420,155,4.933
Q420,156,5.871
Q420,157,5.415
Q420,158,5.914
Q420,159,5.943
Q420,160,1.806
Q420,161,3.3
Q420,162,5.547
Q420,163,6.058
Q420,164,5.6
Q420,165,6.116
Q420,166,6.145
Q420,167,4.584
Q420,168,5.706
Q420,169,3.427
Q420,170,6.26
Q420,171,6.289
Q420,172,8.529
Q420,173,6.346
Q420,174,5.865
Q420,175,8.646
Q420,176,6.433
Q420,177,7.383
Q420,178,6.491
Q420,179,6.519
Q420,180,6.024
Q420,181,6.051
Q420,182,6.606
Q420,183,8.957
Q420,184,6.663
Q420,185,6.157
Q420,186,6.721
Q420,187,6.75
Q420,188,9.151
Q420,189,9.19
Q420,190,6.836
Q420,191,6.316
Q420,192,6.894
Q420,193,6.369
Q420,194,6.395
Q420,195,6.422
Q420,196,5.204
Q420,197,9.501
Q420,198,6.502
Q420,199,6.528
Q420,200,8.849
Q420,201,7.153
Q420,202,7.182
Q420,203,3.966
Q420,204,7.24
Q420,205,3.678
Q420,206,6.714
Q420,207,3.41
Q420,208,6.767
Q420,209,7.384
Q420,210,7.413
Q420,211,7.441
Q420,212,7.47
Q420,213,7.499
Q420,214,7.528
Q420,215,3.824
Q420,216,4.172
Q420,217,4.188
Q420,218,4.204
Q420,219,7.058
Q420,220,6.518
Q420,221,7.111
Q420,222,7.758
Q420,223,3.625
Q420,224,6.616
Q420,225,3.97
Q420,226,7.874
Q420,227,7.27
Q420,228,7.931
Q420,229,7.323
Q420,230,7.989
Q420,231,8.018
Q420,232,8.047
Q420,233,6.835
Q420,234,7.456
Q420,235,8.133
Q420,236,7.509
Q420,237,7.535
Q420,238,8.219
Q420,239,8.248
Q420,240,8.277
Q420,241,8.306
Q420,242,8.335
Q420,243,8.364
Q420,244,8.392
Q420,245,8.421
Q420,246,7.152
Q420,247,8.479
Q420,248,8.508
Q420,249,8.536
Q420,250,8.565
Q420,251,8.594
Q420,252,7.298
Q420,253,8.652
Q420,254,8.681
Q420,255,7.372
Q420,256,8.738
Q420,257,8.066
Q420,258,8.796
Q420,259,8.825
Q420,260,8.853
Q420,261,8.882
Q420,262,8.911
Q420,263,8.94
Q420,264,8.251
Q420,265,8.998
Q420,266,9.026
Q420,267,9.055
Q420,268,9.084
Q420,269,7.713
Q420,270,9.142
Q420,271,9.17
Q420,272,9.199
Q420,273,9.228
Q420,274,8.516
Q420,275,9.286
Q420,276,9.314
Q420,277,9.343
Q420,278,7.933
Q420,279,9.401
Q420,280,8.675
Q420,281,8.702
Q420,282,9.487
Q420,283,9.516
Q420,284,8.781
Q420,285,9.574
Q420,286,9.603
Q420,287,9.631
Q420,288,9.66
Q420,289,9.689
Q420,290,9.718
Q420,291,9.747
Q420,292,8.993
Q420,293,9.804
Q420,294,9.046
Q420,295,8.347
Q420,296,9.891
Q420,297,9.92
Q420,298,9.948
Q420,299,9.977
Q320,0,0.144
Q320,1,-0.288
Q320,2,-0.374
Q320,3,-0.271
Q320,4,-0.407
Q320,5,-0.291
Q320,6,-0.382
Q320,7,-0.381
Q320,8,-0.581
Q320,9,0.047
Q320,10,-0.164
Q320,11,0.207
Q320,12,-0.336
Q320,13,-0.348
Q320,14,0.003
Q320,15,-0.292
Q320,16,0.037
Q320,17,-0.213
Q320,18,-0.058
Q320,19,0.012
Q320,20,-0.112
Q320,21,0.093
Q320,22,-0.071
Q320,23,-0.022
Q320,24,-0.274
Q320,25,0.114
Q320,26,-0.035
Q320,27,0.022
Q320,28,-0.184
Q320,29,0.036
Q320,30,0.125
Q320,31,-0.215
Q320,32,-0.095
Q320,33,-0.308
Q320,34,-0.085
Q320,35,-0.419
Q320,36,0.177
Q320,37,0.105
Q320,38,-0.204
Q320,39,0.078
Q320,40,-0.262
Q320,41,-0.437
Q320,42,-0.56
Q320,43,0.177
Q320,44,-0.085
Q320,45,-0.016
Q320,46,-0.08
Q320,47,0.045
Q320,48,-0.294
Q320,49,0.029
Q320,50,0.022
Q320,51,0.042
Q320,52,-0.194
Q320,53,0.247
Q320,54,-0.358
Q320,55,-0.402
Q320,56,-0.437
Q320,57,-0.203
Q320,58,-0.202
Q320,59,-0.396
Q320,60,-0.431
Q320,61,0.174
Q320,62,-0.085
Q320,63,-0.185
Q320,64,-0.108
Q320,65,-0.099
Q320,66,0.223
Q320,67,0.225
Q320,68,-0.101
Q320,69,-0.094
Q320,70,-0.305
Q320,71,0.13
Q320,72,-0.015
Q320,73,0.106
Q320,74,-0.013
Q320,75,-0.199
Q320,76,-0.379
Q320,77,0.034
Q320,78,-0.068
Q320,79,-0.163
Q320,80,-0.206
Q320,81,0.074
Q320,82,0.039
Q320,83,-0.262
Q320,84,-0.234
Q320,85,-0.119
Q320,86,-0.387
Q320,87,-0.26
Q320,88,-0.073
Q320,89,-0.172
Q320,90,0.197
Q320,91,0.133
Q320,92,-0.383
Q320,93,0.061
Q320,94,-0.285
Q320,95,-0.142
Q320,96,-0.029
Q320,97,-0.322
Q320,98,-0.033
Q320,99,-0.051
Q320,100,-0.181
Q320,101,0.049
Q320,102,0.215
Q320,103,-0.151
Q320,104,-0.08
Q320,105,-0.082
Q320,106,-0.354
Q320,107,-0.084
Q320,108,-0.162
Q320,109,0.096
Q320,110,-0.098
Q320,111,-0.183
Q320,112,0.073
Q320,113,0.089
Q320,114,0.023
Q320,115,0.133
Q320,116,0.039
Q320,117,0.017
Q320,118,0.061
Q320,119,-0.442
Q320,120,-0.422
Q320,121,-0.278
Q320,122,0.129
Q320,123,-0.222
Q320,124,-0.191
Q320,125,0.042
Q320,126,0.246
Q320,127,0.095
Q320,128,-0.28
Q320,129,-0.442
Q320,130,0.162
Q320,131,0.058
Q320,132,0.177
Q320,133,-0.343
Q320,134,-0.061
Q320,135,0.224
Q320,136,-0.043
Q320,137,-0.241
Q320,138,-0.399
Q320,139,-0.244
Q320,140,-0.201
Q320,141,-0.185
Q320,142,-0.008
Q320,143,0.022
Q320,144,0.132
Q320,145,-0.224
Q320,146,-0.028
Q320,147,-0.166
Q320,148,0.094
Q320,149,0.079
Q320,150,-0.024
Q320,151,-0.141
Q320,152,-0.381
Q320,153,0.192
Q320,154,-0.176
Q320,155,0.019
Q320,156,0.23
Q320,157,-0.025
Q320,158,-0.072
Q320,159,-0.331
Q320,160,0.095
Q320,161,-0.145
Q320,162,-0.085
Q320,163,-0.315
Q320,164,0.161
Q320,165,0.068
Q320,166,-0.034
Q320,167,-0.218
Q320,168,0.171
Q320,169,0.045
Q320,170,0.051
Q320,171,0.151
Q320,172,-0.313
Q320,173,0.106
Q320,174,0.105
Q320,175,-0.11
Q320,176,-0.444
Q320,177,-0.159
Q320,178,0.061
Q320,179,0.124
Q320,180,0.031
Q320,181,0.12
Q320,182,-0.047
Q320,183,-0.414
Q320,184,-0.317
Q320,185,-0.13
Q320,186,-0.108
Q320,187,-0.042
Q320,188,0.075
Q320,189,-0.207
Q320,190,0.08
Q320,191,-0.478
Q320,192,-0.305
Q320,193,-0.217
Q320,194,0.127
Q320,195,-0.125
Q320,196,-0.066
Q320,197,0.03
Q320,198,-0.349
Q320,199,-0.245
Q320,200,-0.01
Q320,201,-0.094
Q320,202,-0.19
Q320,203,-0.026
Q320,204,0.128
Q320,205,-0.049
Q320,206,-0.207
Q320,207,-0.347
Q320,208,0.149
Q320,209,0.025
Q320,210,0.168
Q320,211,-0.246
Q320,212,0.156
Q320,213,-0.172
Q320,214,-0.005
Q320,215,-0.108
Q320,216,-0.343
Q320,217,-0.285
Q320,218,0.03
Q320,219,-0.03
Q320,220,-0.221
Q320,221,-0.146
Q320,222,-0.404
Q320,223,0.133
Q320,224,-0.297
Q320,225,-0.195
Q320,226,0.194
Q320,227,-0.011
Q320,228,-0.439
Q320,229,-0.107
Q320,230,0.108
Q320,231,-0.011
Q320,232,0.177
Q320,233,-0.23
Q320,234,-0.048
Q320,235,-0.013
Q320,236,0.218
Q320,237,-0.103
Q320,238,-0.206
Q320,239,-0.018
Q320,240,-0.137
Q320,241,0.205
Q320,242,-0.241
Q320,243,-0.015
Q320,244,-0.409
Q320,245,-0.316
Q320,246,-0.067
Q320,247,0.036
Q320,248,-0.078
Q320,249,-0.254
Q320,250,-0.311
Q320,251,0.062
Q320,252,0.164
Q320,253,0.042
Q320,254,-0.214
Q320,255,0.217
Q320,256,0.058
Q320,257,0.1
Q320,258,-0.258
Q320,259,0.159
Q320,260,-0.074
Q320,261,-0.305
Q320,262,0.184
Q320,263,-0.137
Q320,264,-0.252
Q320,265,0.127
Q320,266,0.018
Q320,267,-0.112
Q320,268,0.188
Q320,269,-0.305
Q320,270,-0.04
Q320,271,-0.362
Q320,272,0.071
Q320,273,-0.103
Q320,274,-0.355
Q320,275,-0.083
Q320,276,-0.1
Q320,277,0.137
Q320,278,0.207
Q320,279,-0.12
Q320,280,-0.278
Q320,281,-0.114
Q320,282,-0.081
Q320,283,-0.255
Q320,284,0.16
Q320,285,0.178
Q320,286,0.12
Q320,287,-0.385
Q320,288,-0.147
Q320,289,-0.361
Q320,290,-0.372
Q320,291,0.132
Q320,292,0.215
Q320,293,0.02
Q320,294,-0.398
Q320,295,-0.31
Q320,296,0.172
Q320,297,-0.114
Q320,298,-0.025
Q320,299,-0.341
Q220,0,-0.535
Q220,1,-0.166
Q220,2,-0.052
Q220,3,0.173
Q220,4,0.109
Q220,5,-0.168
Q220,6,-0.403
Q220,7,-0.14
Q220,8,0.135
Q220,9,0.033
Q220,10,-0.345
Q220,11,0.088
Q220,12,-0.089
Q220,13,0.232
Q220,14,0.054
Q220,15,-0.267
Q220,16,0.05
Q220,17,0.156
Q220,18,0.165
Q220,19,-0.186
Q220,20,-0.013
Q220,21,0.212
Q220,22,-0.155
Q220,23,-0.336
Q220,24,-0.437
Q220,25,-0.048
Q220,26,-0.344
Q220,27,-0.397
Q220,28,-0.196
Q220,29,-0.119
Q220,30,-0.081
Q220,31,-0.315
Q220,32,0.089
Q220,33,-0.314
Q220,34,-0.304
Q220,35,0.006
Q220,36,0.222
Q220,37,-0.071
Q220,38,0.047
Q220,39,-0.159
Q220,40,-0.192
Q220,41,-0.205
Q220,42,-0.092
Q220,43,-0.334
Q220,44,-0.012
Q220,45,-0.198
Q220,46,-0.029
Q220,47,-0.245
Q220,48,-0.382
Q220,49,-0.004
Q220,50,-0.097
Q220,51,-0.018
Q220,52,0.25
Q220,53,-0.398
Q220,54,-0.233
Q220,55,-0.053
Q220,56,0.153
Q220,57,0.182
Q220,58,0.056
Q220,59,-0.037
Q220,60,0.153
Q220,61,-0.47
Q220,62,-0.391
Q220,63,-0.303
Q220,64,-0.126
Q220,65,-0.082
Q220,66,0.187
Q220,67,0.197
Q220,68,-0.261
Q220,69,-0.018
Q220,70,-0.254
Q220,71,-0.254
Q220,72,0.119
Q220,73,0.041
Q220,74,-0.424
Q220,75,0.122
Q220,76,0.067
Q220,77,-0.121
Q220,78,0.024
Q220,79,-0.294
Q220,80,0.096
Q220,81,-0.019
Q220,82,0.202
Q220,83,-0.354
Q220,84,-0.418
Q220,85,-0.271
Q220,86,-0.128
Q220,87,0.06
Q220,88,0.119
Q220,89,0.11
Q220,90,0.208
Q220,91,-0.147
Q220,92,-0.146
Q220,93,-0.41
Q220,94,-0.052
Q220,95,-0.215
Q220,96,-0.262
Q220,97,-0.124
Q220,98,-0.045
Q220,99,-0.189
Q220,100,-0.2
Q220,101,0.224
Q220,102,0.193
Q220,103,-0.238
Q220,104,-0.14
Q220,105,-0.204
Q220,106,0.199
Q220,107,-0.271
Q220,108,0.08
Q220,109,-0.171
Q220,110,0.068
Q220,111,0.082
Q220,112,-0.182
Q220,113,0.256
Q220,114,0.197
Q220,115,-0.238
Q220,116,-0.181
Q220,117,-0.064
Q220,118,-0.066
Q220,119,0.028
Q220,120,-0.335
Q220,121,0.018
Q220,122,0.047
Q220,123,-0.3
Q220,124,-0.069
Q220,125,-0.245
Q220,126,-0.421
Q220,127,-0.027
Q220,128,-0.315
Q220,129,-0.424
Q220,130,-0.169
Q220,131,-0.064
Q220,132,0.227
Q220,133,-0.064
Q220,134,0.044
Q220,135,-0.19
Q220,136,0.064
Q220,137,-0.132
Q220,138,0.16
Q220,139,0.214
Q220,140,-0.274
Q220,141,0.185
Q220,142,-0.131
Q220,143,0.24
Q220,144,0.092
Q220,145,-0.07
Q220,146,-0.023
Q220,147,-0.122
Q220,148,-0.185
Q220,149,-0.216
Q220,150,-0.37
Q220,151,0.014
Q220,152,-0.073
Q220,153,-0.072
Q220,154,0.008
Q220,155,-0.3
Q220,156,-0.196
Q220,157,-0.301
Q220,158,-0.36
Q220,159,-0.325
Q220,160,0.231
Q220,161,0.116
Q220,162,0.123
Q220,163,-0.402
Q220,164,-0.252
Q220,165,-0.184
Q220,166,-0.178
Q220,167,-0.469
Q220,168,0.149
Q220,169,-0.073
Q220,170,0.01
Q220,171,-0.192
Q220,172,0.173
Q220,173,-0.023
Q220,174,-0.249
Q220,175,-0.192
Q220,176,0.089
Q220,177,-0.166
Q220,178,0.206
Q220,179,-0.304
Q220,180,-0.292
Q220,181,-0.243
Q220,182,0.189
Q220,183,-0.154
Q220,184,-0.063
Q220,185,0.093
Q220,186,-0.064
Q220,187,0.155
Q220,188,-0.369
Q220,189,-0.12
Q220,190,-0.125
Q220,191,0.004
Q220,192,-0.199
Q220,193,-0.37
Q220,194,0.159
Q220,195,0.067
Q220,196,0.136
Q220,197,-0.448
Q220,198,-0.239
Q220,199,-0.069
Q220,200,-0.255
Q220,201,-0.415
Q220,202,0.031
Q220,203,-0.592
Q220,204,-0.264
Q220,205,0.081
Q220,206,-0.002
Q220,207,-0.404
Q220,208,-0.352
Q220,209,-0.314
Q220,210,0.189
Q220,211,-0.124
Q220,212,-0.045
Q220,213,0.007
Q220,214,-0.104
Q220,215,0.216
Q220,216,-0.254
Q220,217,-0.31
Q220,218,-0.389
Q220,219,0.038
Q220,220,-0.171
Q220,221,-0.046
Q220,222,0.013
Q220,223,-0.327
Q220,224,-0.036
Q220,225,-0.357
Q220,226,-0.337
Q220,227,0.189
Q220,228,-0.4
Q220,229,0.105
Q220,230,0.038
Q220,231,0.119
Q220,232,-0.406
Q220,233,-0.011
Q220,234,0.052
Q220,235,0.247
Q220,236,0.002
Q220,237,-0.208
Q220,238,-0.336
Q220,239,-0.431
Q220,240,-0.173
Q220,241,0.219
Q220,242,0.204
Q220,243,-0.445
Q220,244,-0.198
Q220,245,0.074
Q220,246,0.054
Q220,247,0.011
Q220,248,-0.446
Q220,249,0.102
Q220,250,-0.305
Q220,251,-0.328
Q220,252,-0.22
Q220,253,-0.091
Q220,254,0.033
Q220,255,-0.18
Q220,256,0.094
Q220,257,-0.08
Q220,258,-0.424
Q220,259,0.175
Q220,260,-0.08
Q220,261,-0.052
Q220,262,-0.03
Q220,263,-0.124
Q220,264,0.057
Q220,265,-0.102
Q220,266,0.194
Q220,267,-0.108
Q220,268,-0.016
Q220,269,0.091
Q220,270,-0.308
Q220,271,-0.005
Q220,272,-0.122
Q220,273,-0.112
Q220,274,-0.289
Q220,275,-0.245
Q220,276,-0.386
Q220,277,0.043
Q220,278,-0.252
Q220,279,0.108
Q220,280,0.113
Q220,281,0.107
Q220,282,-0.16
Q220,283,0.019
Q220,284,-0.131
Q220,285,-0.141
Q220,286,-0.298
Q220,287,-0.335
Q220,288,0.023
Q220,289,0.021
Q220,290,-0.35
Q220,291,-0.296
Q220,292,0.076
Q220,293,0.017
Q220,294,0.013
Q220,295,-0.357
Q220,296,0.044
Q220,297,-0.386
Q220,298,0.224
Q220,299,0.091
Q120,0,-0.09
Q120,1,-0.27
Q120,2,-0.015
Q120,3,0.173
Q120,4,0.077
Q120,5,-0.32
Q120,6,0.224
Q120,7,-0.129
Q120,8,0.091
Q120,9,-0.381
Q120,10,-0.03
Q120,11,0.031
Q120,12,-0.216
Q120,13,-0.072
Q120,14,-0.339
Q120,15,-0.162
Q120,16,-0.194
Q120,17,-0.1
Q120,18,0.169
Q120,19,-0.266
Q120,20,-0.062
Q120,21,-0.331
Q120,22,-0.163
Q120,23,-0.027
Q120,24,0.088
Q120,25,-0.012
Q120,26,0.116
Q120,27,-0.236
Q120,28,-0.045
Q120,29,-0.488
Q120,30,0.184
Q120,31,-0.181
Q120,32,0.19
Q120,33,0.027
Q120,34,0.057
Q120,35,-0.365
Q120,36,-0.112
Q120,37,-0.075
Q120,38,0.123
Q120,39,-0.063
Q120,40,-0.09
Q120,41,0.199
Q120,42,-0.323
Q120,43,-0.105
Q120,44,0.064
Q120,45,-0.157
Q120,46,-0.166
Q120,47,-0.019
Q120,48,0.221
Q120,49,0.104
Q120,50,0.178
Q120,51,-0.242
Q120,52,-0.275
Q120,53,-0.128
Q120,54,0.03
Q120,55,-0.23
Q120,56,-0.446
Q120,57,-0.172
Q120,58,0.247
Q120,59,-0.175
Q120,60,0.006
Q120,61,-0.198
Q120,62,-0.195
Q120,63,0.24
Q120,64,0.127
Q120,65,-0.131
Q120,66,-0.046
Q120,67,-0.393
Q120,68,0.054
Q120,69,-0.142
Q120,70,-0.033
Q120,71,0.103
Q120,72,-0.355
Q120,73,-0.219
Q120,74,-0.348
Q120,75,0.142
Q120,76,0.216
Q120,77,-0.29
Q120,78,-0.355
Q120,79,-0.223
Q120,80,-0.299
Q120,81,-0.142
Q120,82,-0.132
Q120,83,-0.119
Q120,84,-0.388
Q120,85,-0.355
Q120,86,-0.238
Q120,87,0.009
Q120,88,-0.061
Q120,89,-0.038
Q120,90,-0.259
Q120,91,-0.294
Q120,92,-0.201
Q120,93,-0.249
Q120,94,-0.124
Q120,95,-0.223
Q120,96,-0.404
Q120,97,-0.434
Q120,98,-0.259
Q120,99,0.094
Q120,100,-0.432
Q120,101,0.203
Q120,102,-0.003
Q120,103,0.152
Q120,104,0.089
Q120,105,-0.328
Q120,106,0.047
Q120,107,-0.057
Q120,108,0.037
Q120,109,-0.144
Q120,110,-0.413
Q120,111,-0.326
Q120,112,0.068
Q120,113,0.195
Q120,114,-0.244
Q120,115,0.114
Q120,116,-0.319
Q120,117,-0.141
Q120,118,-0.151
Q120,119,0.217
Q120,120,-0.186
Q120,121,0.139
Q120,122,0.162
Q120,123,-0.439
Q120,124,-0.05
Q120,125,-0.034
Q120,126,0.093
Q120,127,0.243
Q120,128,-0.149
Q120,129,0.187
Q120,130,-0.034
Q120,131,-0.307
Q120,132,0.048
Q120,133,-0.184
Q120,134,0.017
Q120,135,0.048
Q120,136,-0.168
Q120,137,0.045
Q120,138,0.077
Q120,139,-0.028
Q120,140,-0.337
Q120,141,-0.016
Q120,142,0.115
Q120,143,-0.068
Q120,144,-0.032
Q120,145,-0.347
Q120,146,0.192
Q120,147,-0.074
Q120,148,-0.067
Q120,149,0.07
Q120,150,-0.192
Q120,151,-0.301
Q120,152,0.05
Q120,153,0.193
Q120,154,0.118
Q120,155,-0.096
Q120,156,0.057
Q120,157,-0.568
Q120,158,-0.273
Q120,159,0.059
Q120,160,0.115
Q120,161,0.239
Q120,162,0.124
Q120,163,0.236
Q120,164,-0.063
Q120,165,0.062
Q120,166,-0.261
Q120,167,-0.292
Q120,168,-0.061
Q120,169,-0.179
Q120,170,-0.393
Q120,171,-0.344
Q120,172,0.13
Q120,173,0.049
Q120,174,0.232
Q120,175,0.325
Q120,176,-0.039
Q120,177,-0.215
Q120,178,0.113
Q120,179,-0.18
Q120,180,-0.39
Q120,181,0.039
Q120,182,-0.111
Q120,183,-0.163
Q120,184,0.053
Q120,185,0.215
Q120,186,0.198
Q120,187,0.116
Q120,188,0.066
Q120,189,0.142
Q120,190,-0.26
Q120,191,-0.059
Q120,192,-0.025
Q120,193,0.091
Q120,194,0
Q120,195,-0.158
Q120,196,-0.23
Q120,197,0.291
Q120,198,-0.425
Q120,199,-0.124
Q120,200,0.038
Q120,201,-0.234
Q120,202,-0.146
Q120,203,-0.401
Q120,204,0.068
Q120,205,-0.005
Q120,206,-0.314
Q120,207,0.037
Q120,208,-0.116
Q120,209,-0.214
Q120,210,-0.247
Q120,211,0.048
Q120,212,-0.44
Q120,213,-0.141
Q120,214,0.053
Q120,215,0.036
Q120,216,0.227
Q120,217,0.125
Q120,218,-0.32
Q120,219,0.169
Q120,220,-0.362
Q120,221,-0.396
Q120,222,-0.25
Q120,223,-0.323
Q120,224,0.122
Q120,225,-0.342
Q120,226,0.17
Q120,227,-0.16
Q120,228,-0.122
Q120,229,-0.335
Q120,230,-0.161
Q120,231,0.002
Q120,232,-0.318
Q120,233,0.226
Q120,234,-0.091
Q120,235,-0.028
Q120,236,-0.114
Q120,237,0.05
Q120,238,-0.412
Q120,239,-0.328
Q120,240,0.099
Q120,241,0.005
Q120,242,-0.088
Q120,243,-0.182
Q120,244,-0.276
Q120,245,-0.34
Q120,246,-0.464
Q120,247,-0.557
Q120,248,-0.599
Q120,249,-0.745
Q120,250,-0.839
Q120,251,-0.933
Q120,252,-0.944
Q120,253,-1.12
Q120,254,-1.117
Q120,255,-1.203
Q120,256,-1.402
Q120,257,-1.495
Q120,258,-1.589
Q120,259,-1.548
Q120,260,-1.635
Q120,261,-1.871
Q120,262,-1.964
Q120,263,-2.058
Q120,264,-1.98
Q120,265,-2.246
Q120,266,-2.152
Q120,267,-2.433
Q120,268,-2.527
Q120,269,-2.621
Q120,270,-2.498
Q120,271,-2.377
Q120,272,-2.902
Q120,273,-2.996
Q120,274,-2.843
Q120,275,-3.184
Q120,276,-3.015
Q120,277,-3.102
Q120,278,-3.465
Q120,279,-2.771
Q120,280,-3.653
Q120,281,-3.447
Q120,282,-3.84
Q120,283,-3.934
Q120,284,-3.706
Q120,285,-4.122
Q120,286,-3.878
Q120,287,-3.965
Q120,288,-4.403
Q120,289,-4.137
Q120,290,-4.591
Q120,291,-3.965
Q120,292,-4.396
Q120,293,-4.872
Q120,294,-4.203
Q120,295,-5.06
Q120,296,-5.154
Q120,297,-5.247
Q120,298,-5.341
Q120,299,-5.435
Q419,0,-0.001
Q419,1,-0.07
Q419,2,-0.294
Q419,3,-0.171
Q419,4,-0.196
Q419,5,0.101
Q419,6,-0.343
Q419,7,-0.549
Q419,8,-0.094
Q419,9,0.141
Q419,10,0.087
Q419,11,-0.051
Q419,12,-0.384
Q419,13,0.032
Q419,14,-0.03
Q419,15,-0.168
Q419,16,-0.241
Q419,17,0.047
Q419,18,0.075
Q419,19,0.031
Q419,20,-0.047
Q419,21,0.227
Q419,22,0.034
Q419,23,-0.014
Q419,24,0.046
Q419,25,-0.132
Q419,26,-0.197
Q419,27,-0.134
Q419,28,0.247
Q419,29,0.084
Q419,30,-0.208
Q419,31,0.147
Q419,32,0.007
Q419,33,-0.015
Q419,34,-0.493
Q419,35,-0.051
Q419,36,0.068
Q419,37,-0.139
Q419,38,-0.035
Q419,39,-0.365
Q419,40,-0.009
Q419,41,-0.346
Q419,42,-0.211
Q419,43,-0.117
Q419,44,-0.14
Q419,45,0.117
Q419,46,-0.38
Q419,47,-0.069
Q419,48,0.162
Q419,49,-0.116
Q419,50,-0.432
Q419,51,-0.172
Q419,52,-0.2
Q419,53,-0.153
Q419,54,0.137
Q419,55,0.161
Q419,56,-0.341
Q419,57,0.188
Q419,58,-0.374
Q419,59,-0.11
Q419,60,0.331
Q419,61,-0.336
Q419,62,-0.012
Q419,63,-0.326
Q419,64,-0.437
Q419,65,-0.307
Q419,66,-0.26
Q419,67,0.056
Q419,68,0.119
Q419,69,-0.207
Q419,70,-0.189
Q419,71,0.053
Q419,72,0.165
Q419,73,-0.311
Q419,74,-0.268
Q419,75,0.19
Q419,76,-0.439
Q419,77,-0.075
Q419,78,-0.162
Q419,79,0.248
Q419,80,0.07
Q419,81,-0.115
Q419,82,-0.378
Q419,83,-0.082
Q419,84,-0.374
Q419,85,-0.225
Q419,86,0.228
Q419,87,0.078
Q419,88,-0.017
Q419,89,-0.151
Q419,90,0.111
Q419,91,-0.004
Q419,92,0.058
Q419,93,0.052
Q419,94,-0.491
Q419,95,0.194
Q419,96,0.041
Q419,97,-0.107
Q419,98,0.012
Q419,99,-0.344
Q419,100,-0.194
Q419,101,-0.182
Q419,102,0.226
Q419,103,-0.248
Q419,104,0.016
Q419,105,0.186
Q419,106,0.065
Q419,107,0.087
Q419,108,-0.216
Q419,109,-0.395
Q419,110,-0.099
Q419,111,0.139
Q419,112,-0.596
Q419,113,-0.117
Q419,114,0.086
Q419,115,0.007
Q419,116,-0.351
Q419,117,-0.092
Q419,118,-0.216
Q419,119,0.25
Q419,120,-0.024
Q419,121,-0.027
Q419,122,0.077
Q419,123,0.014
Q419,124,-0.327
Q419,125,-0.213
Q419,126,-0.255
Q419,127,-0.291
Q419,128,0.186
Q419,129,0.105
Q419,130,-0.393
Q419,131,-0.07
Q419,132,-0.428
Q419,133,-0.699
Q419,134,0.058
Q419,135,-0.225
Q419,136,-0.387
Q419,137,0.19
Q419,138,0.236
Q419,139,-0.206
Q419,140,-0.296
Q419,141,-0.127
Q419,142,-0.074
Q419,143,-0.339
Q419,144,0.255
Q419,145,-0.207
Q419,146,-0.727
Q419,147,0.107
Q419,148,-0.322
Q419,149,0.045
Q419,150,-0.255
Q419,151,-0.124
Q419,152,-0.16
Q419,153,-0.007
Q419,154,-0.196
Q419,155,-0.02
Q419,156,-0.382
Q419,157,-0.356
Q419,158,-0.194
Q419,159,-0.181
Q419,160,0.048
Q419,161,0.038
Q419,162,-0.172
Q419,163,0.246
Q419,164,0.024
Q419,165,-0.26
Q419,166,-0.216
Q419,167,-0.134
Q419,168,-0.459
Q419,169,-0.174
Q419,170,-0.273
Q419,171,-0.377
Q419,172,-0.105
Q419,173,-0.28
Q419,174,-0.087
Q419,175,0.239
Q419,176,0.211
Q419,177,-0.44
Q419,178,-0.494
Q419,179,0.047
Q419,180,-0.006
Q419,181,-0.217
Q419,182,-0.222
Q419,183,-0.043
Q419,184,0.123
Q419,185,0.089
Q419,186,-0.206
Q419,187,-0.074
Q419,188,-0.131
Q419,189,0.303
Q419,190,-0.372
Q419,191,-0.106
Q419,192,-0.121
Q419,193,-0.354
Q419,194,-0.084
Q419,195,-0.217
Q419,196,0.081
Q419,197,-0.227
Q419,198,-0.044
Q419,199,-0.339
Q419,200,-0.092
Q419,201,-0.299
Q419,202,0.282
Q419,203,0.012
Q419,204,-0.28
Q419,205,-0.188
Q419,206,0.186
Q419,207,-0.167
Q419,208,-0.266
Q419,209,0.005
Q419,210,-0.242
Q419,211,0.038
Q419,212,-0.173
Q419,213,-0.25
Q419,214,0.043
Q419,215,0.185
Q419,216,-0.262
Q419,217,0.229
Q419,218,-0.386
Q419,219,-0.146
Q419,220,-0.117
Q419,221,0.149
Q419,222,-0.082
Q419,223,-0.417
Q419,224,0.188
Q419,225,-0.028
Q419,226,-0.066
Q419,227,-0.162
Q419,228,0.204
Q419,229,-0.275
Q419,230,-0.106
Q419,231,-0.259
Q419,232,-0.35
Q419,233,0.003
Q419,234,-0.206
Q419,235,-0.001
Q419,236,-0.225
Q419,237,0.224
Q419,238,-0.073
Q419,239,-0.172
Q419,240,0.12
Q419,241,0.135
Q419,242,-0.402
Q419,243,-0.301
Q419,244,-0.134
Q419,245,-0.084
Q419,246,0.047
Q419,247,0.113
Q419,248,-0.08
Q419,249,0.06
Q419,250,-0.098
Q419,251,-0.28
Q419,252,0.025
Q419,253,-0.4
Q419,254,0.211
Q419,255,-0.21
Q419,256,-0.288
Q419,257,0.151
Q419,258,0.126
Q419,259,-0.378
Q419,260,-0.379
Q419,261,-0.028
Q419,262,-0.263
Q419,263,-0.394
Q419,264,-0.1
Q419,265,0.009
Q419,266,0.197
Q419,267,0.035
Q419,268,-0.377
Q419,269,0.006
Q419,270,-0.173
Q419,271,0.093
Q419,272,0.017
Q419,273,-0.35
Q419,274,-0.444
Q419,275,-0.27
Q419,276,0.032
Q419,277,-0.358
Q419,278,0.157
Q419,279,0.106
Q419,280,-0.387
Q419,281,-0.401
Q419,282,-0.021
Q419,283,0.242
Q419,284,-0.128
Q419,285,-0.248
Q419,286,-0.116
Q419,287,-0.125
Q419,288,-0.016
Q419,289,-0.139
Q419,290,-0.239
Q419,291,0.071
Q419,292,0.171
Q419,293,-0.173
Q419,294,0.154
Q419,295,0.066
Q419,296,0.104
Q419,297,-0.449
Q419,298,0.176
Q419,299,0.226
Q319,0,0.916
Q319,1,0.554
Q319,2,1.265
Q319,3,1.03
Q319,4,1.041
Q319,5,1.052
Q319,6,1.063
Q319,7,1.168
Q319,8,0.649
Q319,9,1.097
Q319,10,1.204
Q319,11,1.642
Q319,12,1.13
Q319,13,1.675
Q319,14,1.253
Q319,15,1.265
Q319,16,1.586
Q319,17,1.289
Q319,18,0.716
Q319,19,1.208
Q319,20,1.326
Q319,21,1.338
Q319,22,1.35
Q319,23,1.253
Q319,24,1.855
Q319,25,1.386
Q319,26,1.287
Q319,27,1.411
Q319,28,1.309
Q319,29,1.435
Q319,30,1.447
Q319,31,1.459
Q319,32,0.745
Q319,33,1.102
Q319,34,2.019
Q319,35,0.829
Q319,36,0.836
Q319,37,1.532
Q319,38,1.544
Q319,39,1.556
Q319,40,1.443
Q319,41,1.581
Q319,42,1.593
Q319,43,1.605
Q319,44,1.617
Q319,45,2.2
Q319,46,1.389
Q319,47,1.654
Q319,48,1.666
Q319,49,1.678
Q319,50,1.555
Q319,51,1.702
Q319,52,0.943
Q319,53,1.727
Q319,54,1.6
Q319,55,1.751
Q319,56,1.763
Q319,57,1.633
Q319,58,1.787
Q319,59,2.429
Q319,60,1.812
Q319,61,1.824
Q319,62,1.836
Q319,63,1.848
Q319,64,1.574
Q319,65,1.872
Q319,66,1.734
Q319,67,1.745
Q319,68,1.616
Q319,69,1.057
Q319,70,1.933
Q319,71,1.79
Q319,72,1.957
Q319,73,1.97
Q319,74,1.823
Q319,75,1.834
Q319,76,2.006
Q319,77,2.018
Q319,78,2.741
Q319,79,0.951
Q319,80,1.89
Q319,81,0.575
Q319,82,1.76
Q319,83,2.091
Q319,84,2.612
Q319,85,1.946
Q319,86,1.957
Q319,87,1.083
Q319,88,1.089
Q319,89,1.991
Q319,90,2.181
Q319,91,2.013
Q319,92,2.024
Q319,93,2.212
Q319,94,0.769
Q319,95,2.058
Q319,96,2.249
Q319,97,3.052
Q319,98,2.091
Q319,99,3.085
Q319,100,2.114
Q319,101,1.27
Q319,102,3.134
Q319,103,2.334
Q319,104,2.346
Q319,105,3.184
Q319,106,2.006
Q319,107,2.959
Q319,108,2.395
Q319,109,2.407
Q319,110,2.419
Q319,111,2.431
Q319,112,2.443
Q319,113,3.05
Q319,114,2.468
Q319,115,2.48
Q319,116,3.095
Q319,117,1.377
Q319,118,2.13
Q319,119,2.528
Q319,120,2.337
Q319,121,2.161
Q319,122,1.298
Q319,123,2.371
Q319,124,2.589
Q319,125,3.512
Q319,126,1.217
Q319,127,2.626
Q319,128,2.233
Q319,129,3.291
Q319,130,2.662
Q319,131,1.353
Q319,132,2.471
Q319,133,2.483
Q319,134,2.711
Q319,135,2.723
Q319,136,1.171
Q319,137,2.139
Q319,138,1.396
Q319,139,2.771
Q319,140,2.783
Q319,141,2.796
Q319,142,2.085
Q319,143,2.82
Q319,144,3.823
Q319,145,2.407
Q319,146,2.628
Q319,147,2.868
Q319,148,1.458
Q319,149,1.976
Q319,150,1.47
Q319,151,1.604
Q319,152,2.929
Q319,153,2.941
Q319,154,2.954
Q319,155,2.966
Q319,156,4.02
Q319,157,3.416
Q319,158,2.762
Q319,159,5.493
Q319,160,3.026
Q319,161,3.039
Q319,162,2.807
Q319,163,3.063
Q319,164,3.075
Q319,165,4.168
Q319,166,2.851
Q319,167,3.111
Q319,168,3.124
Q319,169,1.725
Q319,170,3.148
Q319,171,3.16
Q319,172,2.918
Q319,173,3.184
Q319,174,3.196
Q319,175,3.209
Q319,176,3.221
Q319,177,3.233
Q319,178,3.245
Q319,179,2.997
Q319,180,1.798
Q319,181,3.282
Q319,182,2.446
Q319,183,1.673
Q319,184,4.121
Q319,185,3.33
Q319,186,3.342
Q319,187,3.833
Q319,188,3.367
Q319,189,3.108
Q319,190,3.391
Q319,191,3.131
Q319,192,3.415
Q319,193,1.885
Q319,194,3.164
Q319,195,1.898
Q319,196,1.905
Q319,197,2.581
Q319,198,3.488
Q319,199,3.5
Q319,200,4.362
Q319,201,3.243
Q319,202,3.254
Q319,203,4.408
Q319,204,3.561
Q319,205,3.287
Q319,206,1.972
Q319,207,3.597
Q319,208,3.61
Q319,209,3.332
Q319,210,3.634
Q319,211,1.845
Q319,212,3.658
Q319,213,4.955
Q319,214,1.863
Q319,215,3.399
Q319,216,3.707
Q319,217,3.421
Q319,218,3.731
Q319,219,3.743
Q319,220,3.455
Q319,221,3.466
Q319,222,3.78
Q319,223,6.358
Q319,224,3.804
Q319,225,3.816
Q319,226,3.828
Q319,227,3.84
Q319,228,3.544
Q319,229,3.865
Q319,230,3.877
Q319,231,3.578
Q319,232,3.901
Q319,233,3.6
Q319,234,3.925
Q319,235,3.623
Q319,236,3.634
Q319,237,3.962
Q319,238,3.974
Q319,239,3.986
Q319,240,3.998
Q319,241,4.01
Q319,242,4.023
Q319,243,4.035
Q319,244,3.723
Q319,245,4.059
Q319,246,3.745
Q319,247,3.456
Q319,248,3.768
Q319,249,4.108
Q319,250,4.12
Q319,251,3.497
Q319,252,4.144
Q319,253,4.156
Q319,254,3.835
Q319,255,3.846
Q319,256,3.857
Q319,257,4.205
Q319,258,4.217
Q319,259,4.229
Q319,260,4.241
Q319,261,3.913
Q319,262,4.266
Q319,263,3.935
Q319,264,4.29
Q319,265,3.641
Q319,266,3.969
Q319,267,4.326
Q319,268,3.991
Q319,269,4.351
Q319,270,4.014
Q319,271,4.025
Q319,272,4.387
Q319,273,4.399
Q319,274,4.058
Q319,275,4.07
Q319,276,4.436
Q319,277,3.765
Q319,278,4.46
Q319,279,4.472
Q319,280,4.125
Q319,281,4.496
Q319,282,4.148
Q319,283,4.159
Q319,284,3.53
Q319,285,4.181
Q319,286,4.557
Q319,287,3.867
Q319,288,4.581
Q319,289,4.594
Q319,290,4.606
Q319,291,4.618
Q319,292,4.63
Q319,293,4.271
Q319,294,4.282
Q319,295,4.293
Q319,296,4.679
Q319,297,4.691
Q319,298,4.703
Q319,299,4.715
